2026-07-26 03:35:01,441 INFO main: Starting run: length=3 charset=alnum wordlist=None threads=3 delay=1.00s
2026-07-26 03:35:01,442 INFO main: Endpoint: https://guns.lol/api/auth/username/{username}/availability (mode=GET_JSON)
2026-07-26 03:35:01,511 INFO main: Preflight OK: guns.lol resolves to 2606:4700::6812:1af3, 2606:4700::6812:1bf3, 104.18.27.243, 104.18.26.243 and port 443 is reachable. Connectivity looks good.
2026-07-26 03:35:01,521 INFO notifier: Discord notifier started (batch=1, interval=1.0s)
2026-07-26 03:35:01,526 INFO main: Discord notifications enabled.
2026-07-26 03:35:01,527 INFO main: Starting pass #1
2026-07-26 03:35:01,528 INFO generator: Generating 46656 candidate usernames (length=3, charset=alnum, shuffle=True)
2026-07-26 03:35:04,801 INFO main: AVAILABLE: u9d
2026-07-26 03:35:10,255 INFO main: AVAILABLE: nu5
2026-07-26 03:35:13,167 INFO main: AVAILABLE: i0t
2026-07-26 03:35:15,068 INFO main: AVAILABLE: n57
2026-07-26 03:35:16,532 INFO main: AVAILABLE: i7n
2026-07-26 03:35:27,903 INFO main: AVAILABLE: 7f5
2026-07-26 03:35:30,575 INFO main: AVAILABLE: p58
2026-07-26 03:35:30,890 INFO main: AVAILABLE: 8wp
2026-07-26 03:35:38,027 INFO main: AVAILABLE: v6l
2026-07-26 03:35:38,072 INFO main: AVAILABLE: 6sj
2026-07-26 03:35:38,689 INFO main: AVAILABLE: 9iy
2026-07-26 03:35:40,498 INFO main: AVAILABLE: 57q
2026-07-26 03:35:45,746 INFO main: AVAILABLE: eg8
2026-07-26 03:35:48,341 INFO main: AVAILABLE: p81
2026-07-26 03:35:48,786 INFO main: AVAILABLE: 8ry
2026-07-26 03:35:53,745 INFO main: AVAILABLE: 1ou
2026-07-26 03:35:54,809 INFO main: AVAILABLE: rt5
2026-07-26 03:35:56,190 INFO main: AVAILABLE: ib6
2026-07-26 03:36:01,500 INFO main: AVAILABLE: pf1
2026-07-26 03:36:02,321 INFO main: AVAILABLE: 6k4
2026-07-26 03:36:03,668 INFO main: AVAILABLE: 89p
2026-07-26 03:36:03,953 INFO main: AVAILABLE: 6br
2026-07-26 03:36:05,469 INFO main: AVAILABLE: 0ky
2026-07-26 03:36:11,231 INFO main: AVAILABLE: p5o
2026-07-26 03:36:15,173 INFO main: AVAILABLE: 45u
2026-07-26 03:36:16,622 INFO main: AVAILABLE: e8j
2026-07-26 03:36:18,092 INFO main: AVAILABLE: 3tw
2026-07-26 03:36:19,995 INFO main: AVAILABLE: 84t
2026-07-26 03:36:27,188 INFO main: AVAILABLE: on6
2026-07-26 03:36:27,801 INFO main: AVAILABLE: 5ar
2026-07-26 03:36:31,863 INFO main: AVAILABLE: 0j6
2026-07-26 03:36:32,717 INFO main: AVAILABLE: 8mv
2026-07-26 03:36:36,215 INFO main: AVAILABLE: 5jv
2026-07-26 03:36:38,593 INFO main: AVAILABLE: rw3
2026-07-26 03:36:42,475 INFO main: AVAILABLE: yb3
2026-07-26 03:36:44,372 INFO main: AVAILABLE: ns5
2026-07-26 03:36:48,535 INFO main: AVAILABLE: g95
2026-07-26 03:36:53,170 INFO main: AVAILABLE: e4f
2026-07-26 03:36:54,476 INFO main: AVAILABLE: q1b
2026-07-26 03:36:56,301 INFO main: AVAILABLE: u5h
2026-07-26 03:36:56,887 INFO main: AVAILABLE: ji5
2026-07-26 03:36:58,316 INFO main: AVAILABLE: mg6
2026-07-26 03:37:00,853 INFO main: AVAILABLE: 7gm
2026-07-26 03:37:02,041 INFO main: AVAILABLE: u3a
2026-07-26 03:37:09,789 INFO main: AVAILABLE: 5ev
2026-07-26 03:37:14,902 INFO main: AVAILABLE: ux9
2026-07-26 03:37:17,412 INFO main: AVAILABLE: 8yg
2026-07-26 03:37:20,850 INFO main: AVAILABLE: g0f
2026-07-26 03:37:21,496 INFO main: AVAILABLE: 6xq
2026-07-26 03:37:29,414 WARNING checker: a7s: giving up after 5 attempts (HTTP 429)
2026-07-26 03:37:29,521 WARNING checker: 776: giving up after 5 attempts (HTTP 429)
2026-07-26 03:37:30,237 WARNING checker: b4d: giving up after 5 attempts (HTTP 429)
2026-07-26 03:37:36,816 WARNING checker: 2qw: giving up after 5 attempts (HTTP 429)
2026-07-26 03:37:37,176 WARNING checker: aaz: giving up after 5 attempts (HTTP 429)
2026-07-26 03:37:37,793 WARNING checker: 52y: giving up after 5 attempts (HTTP 429)
2026-07-26 03:37:44,291 INFO main: AVAILABLE: 05t
2026-07-26 03:37:45,520 INFO main: AVAILABLE: 89g
2026-07-26 03:37:46,663 INFO main: AVAILABLE: 0al
2026-07-26 03:37:48,898 INFO main: AVAILABLE: 2mx
2026-07-26 03:37:51,356 INFO main: AVAILABLE: pq8
2026-07-26 03:37:51,726 INFO main: AVAILABLE: 3wt
2026-07-26 03:37:57,390 INFO main: AVAILABLE: 9tf
2026-07-26 03:38:05,020 INFO main: AVAILABLE: 80f
2026-07-26 03:38:17,200 INFO main: AVAILABLE: 6t8
2026-07-26 03:38:22,805 INFO main: AVAILABLE: f0s
2026-07-26 03:38:29,000 WARNING checker: 6ek: giving up after 5 attempts (HTTP 429)
2026-07-26 03:38:29,843 WARNING checker: etn: giving up after 5 attempts (HTTP 429)
2026-07-26 03:38:30,187 WARNING checker: 7de: giving up after 5 attempts (HTTP 429)
2026-07-26 03:38:36,973 WARNING checker: h9i: giving up after 5 attempts (HTTP 429)
2026-07-26 03:38:37,640 WARNING checker: bcy: giving up after 5 attempts (HTTP 429)
2026-07-26 03:38:38,630 WARNING checker: a2d: giving up after 5 attempts (HTTP 429)
2026-07-26 03:38:42,605 INFO main: AVAILABLE: j8z
2026-07-26 03:38:45,137 INFO main: AVAILABLE: 3je
2026-07-26 03:38:46,399 INFO main: AVAILABLE: 6kb
2026-07-26 03:38:47,708 INFO main: AVAILABLE: hl8
2026-07-26 03:38:51,790 INFO main: AVAILABLE: ng2
2026-07-26 03:39:01,991 INFO main: AVAILABLE: u0s
2026-07-26 03:39:03,343 INFO main: AVAILABLE: 9lz
2026-07-26 03:39:10,400 INFO main: AVAILABLE: ea4
2026-07-26 03:39:10,770 INFO main: AVAILABLE: lx2
2026-07-26 03:39:12,484 INFO main: AVAILABLE: 4oj
2026-07-26 03:39:16,841 INFO main: AVAILABLE: 56n
2026-07-26 03:39:23,298 INFO main: AVAILABLE: d4o
2026-07-26 03:39:27,916 INFO main: AVAILABLE: 2ig
2026-07-26 03:39:28,845 INFO main: AVAILABLE: lb1
2026-07-26 03:39:30,042 INFO main: AVAILABLE: 4n2
2026-07-26 03:39:31,989 INFO main: AVAILABLE: g9u
2026-07-26 03:39:34,153 INFO main: AVAILABLE: 65e
2026-07-26 03:39:37,117 INFO main: AVAILABLE: xg4
2026-07-26 03:39:42,703 INFO main: AVAILABLE: 0e7
2026-07-26 03:39:44,139 INFO main: AVAILABLE: 9hf
2026-07-26 03:39:48,355 INFO main: AVAILABLE: yy3
2026-07-26 03:39:48,440 INFO main: AVAILABLE: zv3
2026-07-26 03:39:53,877 INFO main: AVAILABLE: p46
2026-07-26 03:40:00,633 INFO main: AVAILABLE: 2gr
2026-07-26 03:40:02,104 INFO main: AVAILABLE: 4yj
2026-07-26 03:40:04,917 INFO main: AVAILABLE: 1jt
2026-07-26 03:40:06,858 INFO main: AVAILABLE: 38f
2026-07-26 03:40:10,243 INFO main: AVAILABLE: u3y
2026-07-26 03:40:12,136 INFO main: AVAILABLE: p6b
2026-07-26 03:40:12,826 INFO main: AVAILABLE: 8mo
2026-07-26 03:40:13,660 INFO main: AVAILABLE: 8jt
2026-07-26 03:40:16,070 INFO main: AVAILABLE: p2i
2026-07-26 03:40:16,317 INFO main: AVAILABLE: 2ej
2026-07-26 03:40:17,954 INFO main: AVAILABLE: k0j
2026-07-26 03:40:19,991 INFO main: AVAILABLE: 1u6
2026-07-26 03:40:21,584 INFO main: AVAILABLE: it8
2026-07-26 03:40:22,530 INFO main: AVAILABLE: gi1
2026-07-26 03:40:22,574 INFO main: AVAILABLE: v3m
2026-07-26 03:40:28,366 INFO main: AVAILABLE: i9z
2026-07-26 03:40:31,612 INFO main: AVAILABLE: oj5
2026-07-26 03:40:35,534 INFO main: AVAILABLE: 5eu
2026-07-26 03:40:35,654 INFO main: AVAILABLE: 3uj
2026-07-26 03:40:39,504 INFO main: AVAILABLE: q4o
2026-07-26 03:40:40,690 INFO main: AVAILABLE: 68o
2026-07-26 03:40:46,718 WARNING checker: sjb: giving up after 5 attempts (HTTP 429)
2026-07-26 03:40:47,464 WARNING checker: y1t: giving up after 5 attempts (HTTP 429)
2026-07-26 03:40:47,540 WARNING checker: 15m: giving up after 5 attempts (HTTP 429)
2026-07-26 03:40:51,406 INFO main: AVAILABLE: v4o
2026-07-26 03:40:57,167 INFO main: AVAILABLE: 1y6
2026-07-26 03:40:57,852 INFO main: AVAILABLE: e0b
2026-07-26 03:40:59,040 INFO main: AVAILABLE: je5
2026-07-26 03:40:59,711 INFO main: AVAILABLE: uc8
2026-07-26 03:41:05,563 INFO main: AVAILABLE: i2o
2026-07-26 03:41:07,838 INFO main: AVAILABLE: 5sd
2026-07-26 03:41:09,058 INFO main: AVAILABLE: 2gh
2026-07-26 03:41:10,959 INFO main: AVAILABLE: 7m5
2026-07-26 03:41:14,236 INFO main: AVAILABLE: m57
2026-07-26 03:41:14,747 INFO main: AVAILABLE: n70
2026-07-26 03:41:17,331 INFO main: AVAILABLE: 8v7
2026-07-26 03:41:25,136 INFO main: AVAILABLE: 9au
2026-07-26 03:41:27,912 INFO main: AVAILABLE: a1q
2026-07-26 03:41:29,258 INFO main: AVAILABLE: fq6
2026-07-26 03:41:30,475 INFO main: AVAILABLE: bu4
2026-07-26 03:41:37,268 WARNING checker: 37y: giving up after 5 attempts (HTTP 429)
2026-07-26 03:41:38,644 WARNING checker: pdo: giving up after 5 attempts (HTTP 429)
2026-07-26 03:41:39,752 WARNING checker: ij0: giving up after 5 attempts (HTTP 429)
2026-07-26 03:41:44,503 WARNING checker: fwm: giving up after 5 attempts (HTTP 429)
2026-07-26 03:41:46,304 WARNING checker: wcb: giving up after 5 attempts (HTTP 429)
2026-07-26 03:41:47,517 WARNING checker: ocd: giving up after 5 attempts (HTTP 429)
2026-07-26 03:41:49,121 INFO main: AVAILABLE: 2em
2026-07-26 03:41:56,498 INFO main: AVAILABLE: e75
2026-07-26 03:42:00,748 INFO main: AVAILABLE: 5ir
2026-07-26 03:42:06,436 INFO main: AVAILABLE: l1c
2026-07-26 03:42:09,314 INFO main: AVAILABLE: lh3
2026-07-26 03:42:16,330 INFO main: AVAILABLE: 5xb
2026-07-26 03:42:17,844 INFO main: AVAILABLE: 5ji
2026-07-26 03:42:19,338 INFO main: AVAILABLE: dk0
2026-07-26 03:42:23,055 INFO main: AVAILABLE: 61p
2026-07-26 03:42:24,894 INFO main: AVAILABLE: mf9
2026-07-26 03:42:33,682 INFO main: AVAILABLE: t65
2026-07-26 03:42:35,042 INFO main: AVAILABLE: f6e
2026-07-26 03:42:35,720 INFO main: AVAILABLE: v5t
2026-07-26 03:42:37,604 INFO main: AVAILABLE: 1wb
2026-07-26 03:42:38,792 INFO main: AVAILABLE: 9fo
2026-07-26 03:42:41,301 INFO main: AVAILABLE: sn8
2026-07-26 03:42:41,456 INFO main: AVAILABLE: c1y
2026-07-26 03:42:42,052 INFO main: AVAILABLE: ut6
2026-07-26 03:42:44,741 INFO main: AVAILABLE: n3u
2026-07-26 03:42:45,305 INFO main: AVAILABLE: 37z
2026-07-26 03:42:47,865 INFO main: AVAILABLE: 5hj
2026-07-26 03:42:50,669 INFO main: AVAILABLE: ls0
2026-07-26 03:42:51,540 INFO main: AVAILABLE: 0z1
2026-07-26 03:42:52,208 INFO main: AVAILABLE: 8yq
2026-07-26 03:42:52,714 INFO main: AVAILABLE: 72b
2026-07-26 03:42:54,652 INFO main: AVAILABLE: sg0
2026-07-26 03:43:00,558 INFO main: AVAILABLE: 5gi
2026-07-26 03:43:04,642 INFO main: AVAILABLE: k8n
2026-07-26 03:43:14,864 INFO main: AVAILABLE: 2w9
2026-07-26 03:43:17,844 INFO main: AVAILABLE: 7kc
2026-07-26 03:43:18,085 INFO main: AVAILABLE: f0l
2026-07-26 03:43:24,014 INFO main: AVAILABLE: 6lz
2026-07-26 03:43:31,800 INFO main: AVAILABLE: 2n9
2026-07-26 03:43:32,386 INFO main: AVAILABLE: jc5
2026-07-26 03:43:32,696 INFO main: AVAILABLE: 0vl
2026-07-26 03:43:40,313 INFO main: AVAILABLE: y5u
2026-07-26 03:43:47,446 WARNING checker: l9i: giving up after 5 attempts (HTTP 429)
2026-07-26 03:43:48,621 WARNING checker: 19y: giving up after 5 attempts (HTTP 429)
2026-07-26 03:43:49,072 WARNING checker: kx2: giving up after 5 attempts (HTTP 429)
2026-07-26 03:43:50,392 INFO main: AVAILABLE: n7y
2026-07-26 03:43:56,654 INFO main: AVAILABLE: y3j
2026-07-26 03:43:57,324 INFO main: AVAILABLE: n3j
2026-07-26 03:44:09,004 INFO main: AVAILABLE: qs5
2026-07-26 03:44:13,852 INFO main: AVAILABLE: 3c8
2026-07-26 03:44:16,782 INFO main: AVAILABLE: 1j4
2026-07-26 03:44:18,106 INFO main: AVAILABLE: 5ny
2026-07-26 03:44:19,343 INFO main: AVAILABLE: 2rh
2026-07-26 03:44:20,746 INFO main: AVAILABLE: q2f
2026-07-26 03:44:21,658 INFO main: AVAILABLE: 2jt
2026-07-26 03:44:28,177 INFO main: AVAILABLE: a6i
2026-07-26 03:44:28,423 INFO main: AVAILABLE: 13u
2026-07-26 03:44:37,373 WARNING checker: l53: giving up after 5 attempts (HTTP 429)
2026-07-26 03:44:39,684 WARNING checker: 8m6: giving up after 5 attempts (HTTP 429)
2026-07-26 03:44:40,440 WARNING checker: won: giving up after 5 attempts (HTTP 429)
2026-07-26 03:44:45,564 WARNING checker: 4mj: giving up after 5 attempts (HTTP 429)
2026-07-26 03:44:47,364 WARNING checker: 19m: giving up after 5 attempts (HTTP 429)
2026-07-26 03:44:47,765 WARNING checker: 1rx: giving up after 5 attempts (HTTP 429)
2026-07-26 03:44:50,659 INFO main: AVAILABLE: e4o
2026-07-26 03:44:56,616 INFO main: AVAILABLE: 8cj
2026-07-26 03:44:59,081 INFO main: AVAILABLE: j8v
2026-07-26 03:44:59,815 INFO main: AVAILABLE: 0vg
2026-07-26 03:45:03,017 INFO main: AVAILABLE: y0p
2026-07-26 03:45:10,136 INFO main: AVAILABLE: tf6
2026-07-26 03:45:12,993 INFO main: AVAILABLE: 1n7
2026-07-26 03:45:14,463 INFO main: AVAILABLE: 6i4
2026-07-26 03:45:23,130 INFO main: AVAILABLE: 81y
2026-07-26 03:45:29,401 INFO main: AVAILABLE: oh9
2026-07-26 03:45:32,383 INFO main: AVAILABLE: u06
2026-07-26 03:45:39,773 WARNING checker: uqv: giving up after 5 attempts (HTTP 429)
2026-07-26 03:45:40,730 WARNING checker: miv: giving up after 5 attempts (HTTP 429)
2026-07-26 03:45:42,436 WARNING checker: nde: giving up after 5 attempts (HTTP 429)
2026-07-26 03:45:45,300 INFO main: AVAILABLE: 3ji
2026-07-26 03:45:55,622 INFO main: AVAILABLE: 3d7
2026-07-26 03:45:56,112 INFO main: AVAILABLE: ux5
2026-07-26 03:45:59,955 INFO main: AVAILABLE: lp8
2026-07-26 03:46:04,476 INFO main: AVAILABLE: n86
2026-07-26 03:46:10,905 INFO main: AVAILABLE: ul0
2026-07-26 03:46:11,369 INFO main: AVAILABLE: e3c
2026-07-26 03:46:12,746 INFO main: AVAILABLE: y53
2026-07-26 03:46:18,877 INFO main: AVAILABLE: 41t
2026-07-26 03:46:25,311 INFO main: AVAILABLE: vq7
2026-07-26 03:46:27,631 INFO main: AVAILABLE: c7i
2026-07-26 03:46:27,862 INFO main: AVAILABLE: qf9
2026-07-26 03:46:34,818 WARNING checker: 30k: giving up after 5 attempts (HTTP 429)
2026-07-26 03:46:35,626 WARNING checker: 2w6: giving up after 5 attempts (HTTP 429)
2026-07-26 03:46:35,734 WARNING checker: 4r7: giving up after 5 attempts (HTTP 429)
2026-07-26 03:46:42,123 WARNING checker: 0zc: giving up after 5 attempts (HTTP 429)
2026-07-26 03:46:45,874 INFO main: AVAILABLE: o2w
2026-07-26 03:46:51,602 INFO main: AVAILABLE: o4z
2026-07-26 03:46:52,600 INFO main: AVAILABLE: g8s
2026-07-26 03:46:53,790 INFO main: AVAILABLE: 9i4
2026-07-26 03:47:02,599 INFO main: AVAILABLE: k5g
2026-07-26 03:47:05,376 INFO main: AVAILABLE: 8jc
2026-07-26 03:47:07,744 INFO main: AVAILABLE: oy3
2026-07-26 03:47:08,722 INFO main: AVAILABLE: ho8
2026-07-26 03:47:11,401 INFO main: AVAILABLE: 4gc
2026-07-26 03:47:14,147 INFO main: AVAILABLE: j08
2026-07-26 03:47:17,988 INFO main: AVAILABLE: 78v
2026-07-26 03:47:21,663 INFO main: AVAILABLE: 6jr
2026-07-26 03:47:21,725 INFO main: AVAILABLE: j35
2026-07-26 03:47:24,421 INFO main: AVAILABLE: a6r
2026-07-26 03:47:32,884 WARNING checker: 5rz: giving up after 5 attempts (HTTP 429)
2026-07-26 03:47:33,539 WARNING checker: 93v: giving up after 5 attempts (HTTP 429)
2026-07-26 03:47:34,014 WARNING checker: 9kj: giving up after 5 attempts (HTTP 429)
2026-07-26 03:47:40,503 WARNING checker: 2f7: giving up after 5 attempts (HTTP 429)
2026-07-26 03:47:40,781 WARNING checker: lh2: giving up after 5 attempts (HTTP 429)
2026-07-26 03:47:40,900 WARNING checker: auf: giving up after 5 attempts (HTTP 429)
2026-07-26 03:47:45,756 INFO main: AVAILABLE: 06y
2026-07-26 03:47:46,170 INFO main: AVAILABLE: 1uj
2026-07-26 03:47:48,683 INFO main: AVAILABLE: 4cd
2026-07-26 03:47:51,263 INFO main: AVAILABLE: ct4
2026-07-26 03:48:05,202 INFO main: AVAILABLE: 4ct
2026-07-26 03:48:09,888 INFO main: AVAILABLE: 6u1
2026-07-26 03:48:10,319 INFO main: AVAILABLE: 1rm
2026-07-26 03:48:11,597 INFO main: AVAILABLE: wm2
2026-07-26 03:48:12,936 INFO main: AVAILABLE: 5nq
2026-07-26 03:48:15,520 INFO main: AVAILABLE: q9i
2026-07-26 03:48:16,152 INFO main: AVAILABLE: 6yh
2026-07-26 03:48:16,521 INFO main: AVAILABLE: 95j
2026-07-26 03:48:17,476 INFO main: AVAILABLE: 63f
2026-07-26 03:48:25,140 INFO main: AVAILABLE: xt8
2026-07-26 03:48:41,314 INFO main: AVAILABLE: 85g
2026-07-26 03:48:43,355 INFO main: AVAILABLE: 9af
2026-07-26 03:48:44,915 INFO main: AVAILABLE: o45
2026-07-26 03:48:45,285 INFO main: AVAILABLE: c83
2026-07-26 03:48:46,483 INFO main: AVAILABLE: ow4
2026-07-26 03:48:47,545 INFO main: AVAILABLE: z5d
2026-07-26 03:48:48,803 INFO main: AVAILABLE: 6mt
2026-07-26 03:48:51,748 INFO main: AVAILABLE: 5za
2026-07-26 03:48:54,114 INFO main: AVAILABLE: fl4
2026-07-26 03:49:00,227 INFO main: AVAILABLE: 9ep
2026-07-26 03:49:02,863 INFO main: AVAILABLE: 2pf
2026-07-26 03:49:04,820 INFO main: AVAILABLE: d8i
2026-07-26 03:49:26,973 WARNING checker: coo: giving up after 5 attempts (HTTP 429)
2026-07-26 03:49:28,002 WARNING checker: 2i3: giving up after 5 attempts (HTTP 429)
2026-07-26 03:49:29,188 WARNING checker: fb7: giving up after 5 attempts (TooManyRedirects: 0, message='', url='https://guns.lol/api/auth/username/fb7/availability')
2026-07-26 03:49:36,660 INFO main: AVAILABLE: k6f
2026-07-26 03:49:39,591 INFO main: AVAILABLE: gq7
2026-07-26 03:49:40,877 INFO main: AVAILABLE: 8wj
2026-07-26 03:49:43,364 INFO main: AVAILABLE: 6jw
2026-07-26 03:49:44,781 INFO main: AVAILABLE: 8ok
2026-07-26 03:49:46,135 INFO main: AVAILABLE: 2zq
2026-07-26 03:49:47,143 INFO main: AVAILABLE: ih4
2026-07-26 03:49:50,004 INFO main: AVAILABLE: 2gk
2026-07-26 03:49:54,838 INFO main: AVAILABLE: 8ij
2026-07-26 03:49:56,021 INFO main: AVAILABLE: y3f
2026-07-26 03:49:56,161 INFO main: AVAILABLE: zw4
2026-07-26 03:49:57,743 INFO main: AVAILABLE: w57
2026-07-26 03:50:01,600 INFO main: AVAILABLE: t2l
2026-07-26 03:50:06,864 INFO main: AVAILABLE: a9w
2026-07-26 03:50:10,749 INFO main: AVAILABLE: 1bj
2026-07-26 03:50:11,812 INFO main: AVAILABLE: 6xv
2026-07-26 03:50:13,037 INFO main: AVAILABLE: 4f8
2026-07-26 03:50:13,607 INFO main: AVAILABLE: 6ol
2026-07-26 03:50:16,697 INFO main: AVAILABLE: o43
2026-07-26 03:50:20,065 INFO main: AVAILABLE: hn0
2026-07-26 03:50:21,405 INFO main: AVAILABLE: 2ag
2026-07-26 03:50:32,566 INFO main: AVAILABLE: k0b
2026-07-26 03:50:36,273 INFO main: AVAILABLE: u6h
2026-07-26 03:50:36,389 INFO main: AVAILABLE: 8c1
2026-07-26 03:50:40,697 INFO main: AVAILABLE: ja6
2026-07-26 03:50:42,097 INFO main: AVAILABLE: 5w0
2026-07-26 03:50:51,682 INFO main: AVAILABLE: 3zq
2026-07-26 03:50:53,591 INFO main: AVAILABLE: q49
2026-07-26 03:50:55,377 INFO main: AVAILABLE: qj2
2026-07-26 03:50:57,942 INFO main: AVAILABLE: gv3
2026-07-26 03:51:04,310 INFO main: AVAILABLE: 6ah
2026-07-26 03:51:05,661 INFO main: AVAILABLE: o95
2026-07-26 03:51:07,166 INFO main: AVAILABLE: cf1
2026-07-26 03:51:08,557 INFO main: AVAILABLE: 0s4
2026-07-26 03:51:08,671 INFO main: AVAILABLE: h7p
2026-07-26 03:51:15,931 INFO main: AVAILABLE: y5s
2026-07-26 03:51:19,924 INFO main: AVAILABLE: 5zw
2026-07-26 03:51:21,638 INFO main: AVAILABLE: l94
2026-07-26 03:51:22,456 INFO main: AVAILABLE: 0gr
2026-07-26 03:51:24,157 INFO main: AVAILABLE: 41b
2026-07-26 03:51:25,192 INFO main: AVAILABLE: f68
2026-07-26 03:51:29,398 INFO main: AVAILABLE: e1w
2026-07-26 03:51:31,383 INFO main: AVAILABLE: n6j
2026-07-26 03:51:31,828 INFO main: AVAILABLE: o1g
2026-07-26 03:51:31,856 INFO main: AVAILABLE: d83
2026-07-26 03:51:32,804 INFO main: AVAILABLE: 7eg
2026-07-26 03:51:33,110 INFO main: AVAILABLE: 3iy
2026-07-26 03:51:34,388 INFO main: AVAILABLE: pj8
2026-07-26 03:51:37,036 INFO main: AVAILABLE: 5a1
2026-07-26 03:51:38,154 INFO main: AVAILABLE: bd8
2026-07-26 03:51:38,354 INFO main: AVAILABLE: 4g0
2026-07-26 03:51:39,619 INFO main: AVAILABLE: 1gt
2026-07-26 03:51:43,370 INFO main: AVAILABLE: n2c
2026-07-26 03:51:47,597 INFO main: AVAILABLE: uc3
2026-07-26 03:51:50,031 INFO main: AVAILABLE: u76
2026-07-26 03:51:50,228 INFO main: AVAILABLE: 6o1
2026-07-26 03:51:52,524 INFO main: AVAILABLE: ct8
2026-07-26 03:51:53,551 INFO main: AVAILABLE: 05f
2026-07-26 03:51:56,588 INFO main: AVAILABLE: s8j
2026-07-26 03:52:01,206 INFO main: AVAILABLE: 5bt
2026-07-26 03:52:03,780 INFO main: AVAILABLE: 6zb
2026-07-26 03:52:04,379 INFO main: AVAILABLE: 0u9
2026-07-26 03:52:16,768 INFO main: AVAILABLE: lb8
2026-07-26 03:52:20,025 INFO main: AVAILABLE: ah8
2026-07-26 03:52:25,737 INFO main: AVAILABLE: 6bf
2026-07-26 03:52:31,166 WARNING checker: k0f: giving up after 5 attempts (HTTP 429)
2026-07-26 03:52:33,683 WARNING checker: h5l: giving up after 5 attempts (HTTP 429)
2026-07-26 03:52:33,778 WARNING checker: 869: giving up after 5 attempts (HTTP 429)
2026-07-26 03:52:38,862 WARNING checker: jf2: giving up after 5 attempts (HTTP 429)
2026-07-26 03:52:40,826 WARNING checker: 4wl: giving up after 5 attempts (HTTP 429)
2026-07-26 03:52:41,443 WARNING checker: cs0: giving up after 5 attempts (HTTP 429)
2026-07-26 03:52:43,174 INFO main: AVAILABLE: 5f0
2026-07-26 03:52:43,933 INFO main: AVAILABLE: y8t
2026-07-26 03:52:51,550 INFO main: AVAILABLE: j5w
2026-07-26 03:52:52,814 INFO main: AVAILABLE: vh7
2026-07-26 03:52:53,987 INFO main: AVAILABLE: 4d8
2026-07-26 03:52:56,724 INFO main: AVAILABLE: w1g
2026-07-26 03:53:00,376 INFO main: AVAILABLE: bw8
2026-07-26 03:53:04,641 INFO main: AVAILABLE: 3xn
2026-07-26 03:53:05,845 INFO main: AVAILABLE: ri3
2026-07-26 03:53:08,539 INFO main: AVAILABLE: 1n6
2026-07-26 03:53:09,786 INFO main: AVAILABLE: 72e
2026-07-26 03:53:13,143 INFO main: AVAILABLE: 7oj
2026-07-26 03:53:19,186 INFO main: AVAILABLE: 6ja
2026-07-26 03:53:31,502 WARNING checker: nts: giving up after 5 attempts (HTTP 429)
2026-07-26 03:53:31,643 WARNING checker: 33k: giving up after 5 attempts (HTTP 429)
2026-07-26 03:53:32,612 WARNING checker: u99: giving up after 5 attempts (HTTP 429)
2026-07-26 03:53:38,402 WARNING checker: ebe: giving up after 5 attempts (HTTP 429)
2026-07-26 03:53:40,107 WARNING checker: 31l: giving up after 5 attempts (HTTP 429)
2026-07-26 03:53:40,155 WARNING checker: p0a: giving up after 5 attempts (HTTP 429)
2026-07-26 03:53:42,717 INFO main: AVAILABLE: zj8
2026-07-26 03:53:43,929 INFO main: AVAILABLE: qn1
2026-07-26 03:53:46,235 INFO main: AVAILABLE: zt5
2026-07-26 03:53:46,636 INFO main: AVAILABLE: 7o5
2026-07-26 03:53:49,007 INFO main: AVAILABLE: 3ot
2026-07-26 03:53:52,846 INFO main: AVAILABLE: j04
2026-07-26 03:53:56,935 INFO main: AVAILABLE: 1tk
2026-07-26 03:54:05,503 INFO main: AVAILABLE: uf7
2026-07-26 03:54:07,519 INFO main: AVAILABLE: w8d
2026-07-26 03:54:09,650 INFO main: AVAILABLE: 8ob
2026-07-26 03:54:09,840 INFO main: AVAILABLE: ih0
2026-07-26 03:54:11,384 INFO main: AVAILABLE: qf8
2026-07-26 03:54:12,226 INFO main: AVAILABLE: 6ym
2026-07-26 03:54:14,899 INFO main: AVAILABLE: s6e
2026-07-26 03:54:14,973 INFO main: AVAILABLE: 8ea
2026-07-26 03:54:16,223 INFO main: AVAILABLE: 06v
2026-07-26 03:54:21,174 INFO main: AVAILABLE: cb5
2026-07-26 03:54:25,020 INFO main: AVAILABLE: eu0
2026-07-26 03:54:25,051 INFO main: AVAILABLE: 9q2
2026-07-26 03:54:26,207 INFO main: AVAILABLE: 7a0
2026-07-26 03:54:33,406 WARNING checker: mi2: giving up after 5 attempts (HTTP 429)
2026-07-26 03:54:34,170 WARNING checker: kx4: giving up after 5 attempts (HTTP 429)
2026-07-26 03:54:34,245 WARNING checker: xq9: giving up after 5 attempts (HTTP 429)
2026-07-26 03:54:41,244 WARNING checker: 8z3: giving up after 5 attempts (HTTP 429)
2026-07-26 03:54:42,440 WARNING checker: lu2: giving up after 5 attempts (HTTP 429)
2026-07-26 03:54:42,441 WARNING checker: ddp: giving up after 5 attempts (HTTP 429)
2026-07-26 03:54:45,120 INFO main: AVAILABLE: u9k
2026-07-26 03:54:47,853 INFO main: AVAILABLE: u9r
2026-07-26 03:54:48,100 INFO main: AVAILABLE: d3u
2026-07-26 03:54:54,664 INFO main: AVAILABLE: kn2
2026-07-26 03:54:56,015 INFO main: AVAILABLE: u3w
2026-07-26 03:54:58,876 INFO main: AVAILABLE: p7j
2026-07-26 03:55:02,569 INFO main: AVAILABLE: zf7
2026-07-26 03:55:04,718 INFO main: AVAILABLE: h3g
2026-07-26 03:55:05,137 INFO main: AVAILABLE: 81e
2026-07-26 03:55:06,457 INFO main: AVAILABLE: u26
2026-07-26 03:55:14,135 INFO main: AVAILABLE: lw4
2026-07-26 03:55:18,811 INFO main: AVAILABLE: 0kc
2026-07-26 03:55:19,120 INFO main: AVAILABLE: 2vi
2026-07-26 03:55:22,791 INFO main: AVAILABLE: jm4
2026-07-26 03:55:22,993 INFO main: AVAILABLE: oa9
2026-07-26 03:55:32,475 WARNING checker: 7ji: giving up after 5 attempts (HTTP 429)
2026-07-26 03:55:32,475 WARNING checker: u3o: giving up after 5 attempts (HTTP 429)
2026-07-26 03:55:32,585 WARNING checker: o3l: giving up after 5 attempts (HTTP 429)
2026-07-26 03:55:39,330 WARNING checker: rk6: giving up after 5 attempts (HTTP 429)
2026-07-26 03:55:39,965 WARNING checker: xyl: giving up after 5 attempts (HTTP 429)
2026-07-26 03:55:40,881 WARNING checker: pi5: giving up after 5 attempts (HTTP 429)
2026-07-26 03:55:44,832 INFO main: AVAILABLE: jq2
2026-07-26 03:55:44,971 ERROR notifier: Discord webhook error HTTP 404: {"message": "Unknown Webhook", "code": 10015}
2026-07-26 03:55:45,067 ERROR notifier: Discord webhook error HTTP 404: {"message": "Unknown Webhook", "code": 10015}
2026-07-26 03:55:45,156 ERROR notifier: Discord webhook error HTTP 404: {"message": "Unknown Webhook", "code": 10015}
2026-07-26 03:55:45,253 ERROR notifier: Discord webhook error HTTP 404: {"message": "Unknown Webhook", "code": 10015}
2026-07-26 03:55:45,333 ERROR notifier: Discord webhook error HTTP 404: {"message": "Unknown Webhook", "code": 10015}
2026-07-26 03:55:45,420 ERROR notifier: Discord webhook error HTTP 404: {"message": "Unknown Webhook", "code": 10015}
2026-07-26 03:55:45,503 WARNING notifier: Discord rate limited; retrying in 0.30s
2026-07-26 03:55:46,001 ERROR notifier: Discord webhook error HTTP 404: {"message": "Unknown Webhook", "code": 10015}
2026-07-26 03:55:46,084 WARNING notifier: Discord rate limited; retrying in 0.30s
2026-07-26 03:55:46,608 ERROR notifier: Discord webhook error HTTP 404: {"message": "Unknown Webhook", "code": 10015}
2026-07-26 03:55:46,692 ERROR notifier: Discord webhook error HTTP 404: {"message": "Unknown Webhook", "code": 10015}
2026-07-26 03:55:46,768 WARNING notifier: Discord rate limited; retrying in 0.30s
2026-07-26 03:55:47,253 ERROR notifier: Discord webhook error HTTP 404: {"message": "Unknown Webhook", "code": 10015}
2026-07-26 03:55:47,337 WARNING notifier: Discord rate limited; retrying in 0.30s
2026-07-26 03:55:47,840 ERROR notifier: Discord webhook error HTTP 404: {"message": "Unknown Webhook", "code": 10015}
2026-07-26 03:55:47,920 ERROR notifier: Discord webhook error HTTP 404: {"message": "Unknown Webhook", "code": 10015}
2026-07-26 03:55:48,018 WARNING notifier: Discord rate limited; retrying in 0.30s
2026-07-26 03:55:48,490 ERROR notifier: Discord webhook error HTTP 404: {"message": "Unknown Webhook", "code": 10015}
2026-07-26 03:55:48,587 ERROR notifier: Discord webhook error HTTP 404: {"message": "Unknown Webhook", "code": 10015}
2026-07-26 03:55:48,667 WARNING notifier: Discord rate limited; retrying in 0.30s
2026-07-26 03:55:49,003 INFO main: AVAILABLE: q7f
2026-07-26 03:55:49,181 ERROR notifier: Discord webhook error HTTP 404: {"message": "Unknown Webhook", "code": 10015}
2026-07-26 03:55:49,263 WARNING notifier: Discord rate limited; retrying in 0.30s
2026-07-26 03:55:49,753 ERROR notifier: Discord webhook error HTTP 404: {"message": "Unknown Webhook", "code": 10015}
2026-07-26 03:55:49,855 ERROR notifier: Discord webhook error HTTP 404: {"message": "Unknown Webhook", "code": 10015}
2026-07-26 03:55:49,942 WARNING notifier: Discord rate limited; retrying in 0.30s
2026-07-26 03:55:50,427 ERROR notifier: Discord webhook error HTTP 404: {"message": "Unknown Webhook", "code": 10015}
2026-07-26 03:55:50,510 WARNING notifier: Discord rate limited; retrying in 0.30s
2026-07-26 03:55:51,020 ERROR notifier: Discord webhook error HTTP 404: {"message": "Unknown Webhook", "code": 10015}
2026-07-26 03:55:51,107 ERROR notifier: Discord webhook error HTTP 404: {"message": "Unknown Webhook", "code": 10015}
2026-07-26 03:55:51,193 WARNING notifier: Discord rate limited; retrying in 0.30s
2026-07-26 03:55:51,683 ERROR notifier: Discord webhook error HTTP 404: {"message": "Unknown Webhook", "code": 10015}
2026-07-26 03:55:51,688 INFO main: AVAILABLE: ge1
2026-07-26 03:55:51,778 ERROR notifier: Discord webhook error HTTP 404: {"message": "Unknown Webhook", "code": 10015}
2026-07-26 03:55:51,859 WARNING notifier: Discord rate limited; retrying in 0.30s
2026-07-26 03:55:52,344 ERROR notifier: Discord webhook error HTTP 404: {"message": "Unknown Webhook", "code": 10015}
2026-07-26 03:55:52,420 WARNING notifier: Discord rate limited; retrying in 0.30s
2026-07-26 03:55:52,901 ERROR notifier: Discord webhook error HTTP 404: {"message": "Unknown Webhook", "code": 10015}
2026-07-26 03:55:52,995 ERROR notifier: Discord webhook error HTTP 404: {"message": "Unknown Webhook", "code": 10015}
2026-07-26 03:55:53,082 WARNING notifier: Discord rate limited; retrying in 0.30s
2026-07-26 03:55:53,619 ERROR notifier: Discord webhook error HTTP 404: {"message": "Unknown Webhook", "code": 10015}
2026-07-26 03:55:53,701 WARNING notifier: Discord rate limited; retrying in 0.30s
2026-07-26 03:55:54,190 ERROR notifier: Discord webhook error HTTP 404: {"message": "Unknown Webhook", "code": 10015}
2026-07-26 03:55:54,278 ERROR notifier: Discord webhook error HTTP 404: {"message": "Unknown Webhook", "code": 10015}
2026-07-26 03:55:54,369 WARNING notifier: Discord rate limited; retrying in 0.30s
2026-07-26 03:55:54,848 ERROR notifier: Discord webhook error HTTP 404: {"message": "Unknown Webhook", "code": 10015}
2026-07-26 03:55:54,934 WARNING notifier: Discord rate limited; retrying in 0.30s
2026-07-26 03:55:55,486 ERROR notifier: Discord webhook error HTTP 404: {"message": "Unknown Webhook", "code": 10015}
2026-07-26 03:55:55,574 ERROR notifier: Discord webhook error HTTP 404: {"message": "Unknown Webhook", "code": 10015}
2026-07-26 03:55:55,675 WARNING notifier: Discord rate limited; retrying in 0.30s
2026-07-26 03:55:56,194 ERROR notifier: Discord webhook error HTTP 404: {"message": "Unknown Webhook", "code": 10015}
2026-07-26 03:55:56,291 ERROR notifier: Discord webhook error HTTP 404: {"message": "Unknown Webhook", "code": 10015}
2026-07-26 03:55:56,366 WARNING notifier: Discord rate limited; retrying in 0.30s
2026-07-26 03:55:56,869 ERROR notifier: Discord webhook error HTTP 404: {"message": "Unknown Webhook", "code": 10015}
2026-07-26 03:55:57,003 ERROR notifier: Discord webhook error HTTP 404: {"message": "Unknown Webhook", "code": 10015}
2026-07-26 03:55:57,022 INFO main: AVAILABLE: h9b
2026-07-26 03:55:57,087 WARNING notifier: Discord rate limited; retrying in 0.30s
2026-07-26 03:55:57,572 ERROR notifier: Discord webhook error HTTP 404: {"message": "Unknown Webhook", "code": 10015}
2026-07-26 03:55:57,653 WARNING notifier: Discord rate limited; retrying in 0.30s
2026-07-26 03:55:58,026 INFO main: AVAILABLE: d3o
2026-07-26 03:55:58,139 ERROR notifier: Discord webhook error HTTP 404: {"message": "Unknown Webhook", "code": 10015}
2026-07-26 03:55:58,226 ERROR notifier: Discord webhook error HTTP 404: {"message": "Unknown Webhook", "code": 10015}
2026-07-26 03:55:58,303 WARNING notifier: Discord rate limited; retrying in 0.30s
2026-07-26 03:55:58,794 ERROR notifier: Discord webhook error HTTP 404: {"message": "Unknown Webhook", "code": 10015}
2026-07-26 03:55:58,875 WARNING notifier: Discord rate limited; retrying in 0.30s
2026-07-26 03:55:58,969 INFO main: AVAILABLE: c7b
2026-07-26 03:55:59,319 INFO main: AVAILABLE: 0ej
2026-07-26 03:55:59,356 ERROR notifier: Discord webhook error HTTP 404: {"message": "Unknown Webhook", "code": 10015}
2026-07-26 03:55:59,444 ERROR notifier: Discord webhook error HTTP 404: {"message": "Unknown Webhook", "code": 10015}
2026-07-26 03:55:59,543 WARNING notifier: Discord rate limited; retrying in 0.30s
2026-07-26 03:56:00,032 ERROR notifier: Discord webhook error HTTP 404: {"message": "Unknown Webhook", "code": 10015}
2026-07-26 03:56:00,112 WARNING notifier: Discord rate limited; retrying in 0.30s
2026-07-26 03:56:00,588 ERROR notifier: Discord webhook error HTTP 404: {"message": "Unknown Webhook", "code": 10015}
2026-07-26 03:56:00,723 INFO main: AVAILABLE: k53
2026-07-26 03:56:00,731 ERROR notifier: Discord webhook error HTTP 404: {"message": "Unknown Webhook", "code": 10015}
2026-07-26 03:56:00,811 WARNING notifier: Discord rate limited; retrying in 0.30s
2026-07-26 03:56:01,291 ERROR notifier: Discord webhook error HTTP 404: {"message": "Unknown Webhook", "code": 10015}
2026-07-26 03:56:01,395 ERROR notifier: Discord webhook error HTTP 404: {"message": "Unknown Webhook", "code": 10015}
2026-07-26 03:56:01,475 WARNING notifier: Discord rate limited; retrying in 0.30s
2026-07-26 03:56:01,975 ERROR notifier: Discord webhook error HTTP 404: {"message": "Unknown Webhook", "code": 10015}
2026-07-26 03:56:02,053 WARNING notifier: Discord rate limited; retrying in 0.30s
2026-07-26 03:56:02,543 ERROR notifier: Discord webhook error HTTP 404: {"message": "Unknown Webhook", "code": 10015}
2026-07-26 03:56:02,644 ERROR notifier: Discord webhook error HTTP 404: {"message": "Unknown Webhook", "code": 10015}
2026-07-26 03:56:02,730 WARNING notifier: Discord rate limited; retrying in 0.30s
2026-07-26 03:56:03,227 ERROR notifier: Discord webhook error HTTP 404: {"message": "Unknown Webhook", "code": 10015}
2026-07-26 03:56:03,340 WARNING notifier: Discord rate limited; retrying in 0.30s
2026-07-26 03:56:03,846 ERROR notifier: Discord webhook error HTTP 404: {"message": "Unknown Webhook", "code": 10015}
2026-07-26 03:56:03,952 ERROR notifier: Discord webhook error HTTP 404: {"message": "Unknown Webhook", "code": 10015}
2026-07-26 03:56:04,079 WARNING notifier: Discord rate limited; retrying in 0.30s
2026-07-26 03:56:04,568 ERROR notifier: Discord webhook error HTTP 404: {"message": "Unknown Webhook", "code": 10015}
2026-07-26 03:56:04,637 INFO main: AVAILABLE: 4jy
2026-07-26 03:56:04,655 ERROR notifier: Discord webhook error HTTP 404: {"message": "Unknown Webhook", "code": 10015}
2026-07-26 03:56:04,736 WARNING notifier: Discord rate limited; retrying in 0.30s
2026-07-26 03:56:05,219 ERROR notifier: Discord webhook error HTTP 404: {"message": "Unknown Webhook", "code": 10015}
2026-07-26 03:56:05,318 WARNING notifier: Discord rate limited; retrying in 0.30s
2026-07-26 03:56:05,772 INFO main: AVAILABLE: 1hn
2026-07-26 03:56:05,834 ERROR notifier: Discord webhook error HTTP 404: {"message": "Unknown Webhook", "code": 10015}
2026-07-26 03:56:05,925 ERROR notifier: Discord webhook error HTTP 404: {"message": "Unknown Webhook", "code": 10015}
2026-07-26 03:56:06,006 WARNING notifier: Discord rate limited; retrying in 0.30s
2026-07-26 03:56:06,497 ERROR notifier: Discord webhook error HTTP 404: {"message": "Unknown Webhook", "code": 10015}
2026-07-26 03:56:06,597 ERROR notifier: Discord webhook error HTTP 404: {"message": "Unknown Webhook", "code": 10015}
2026-07-26 03:56:06,686 WARNING notifier: Discord rate limited; retrying in 0.30s
2026-07-26 03:56:07,156 ERROR notifier: Discord webhook error HTTP 404: {"message": "Unknown Webhook", "code": 10015}
2026-07-26 03:56:07,273 WARNING notifier: Discord rate limited; retrying in 0.30s
2026-07-26 03:56:07,764 ERROR notifier: Discord webhook error HTTP 404: {"message": "Unknown Webhook", "code": 10015}
2026-07-26 03:56:07,858 ERROR notifier: Discord webhook error HTTP 404: {"message": "Unknown Webhook", "code": 10015}
2026-07-26 03:56:07,940 WARNING notifier: Discord rate limited; retrying in 0.30s
2026-07-26 03:56:08,422 ERROR notifier: Discord webhook error HTTP 404: {"message": "Unknown Webhook", "code": 10015}
2026-07-26 03:56:08,507 WARNING notifier: Discord rate limited; retrying in 0.30s
2026-07-26 03:56:08,985 ERROR notifier: Discord webhook error HTTP 404: {"message": "Unknown Webhook", "code": 10015}
2026-07-26 03:56:09,064 ERROR notifier: Discord webhook error HTTP 404: {"message": "Unknown Webhook", "code": 10015}
2026-07-26 03:56:09,141 WARNING notifier: Discord rate limited; retrying in 0.30s
2026-07-26 03:56:09,651 ERROR notifier: Discord webhook error HTTP 404: {"message": "Unknown Webhook", "code": 10015}
2026-07-26 03:56:09,728 WARNING notifier: Discord rate limited; retrying in 0.30s
2026-07-26 03:56:10,226 ERROR notifier: Discord webhook error HTTP 404: {"message": "Unknown Webhook", "code": 10015}
2026-07-26 03:56:10,311 ERROR notifier: Discord webhook error HTTP 404: {"message": "Unknown Webhook", "code": 10015}
2026-07-26 03:56:10,406 WARNING notifier: Discord rate limited; retrying in 0.30s
2026-07-26 03:56:10,888 ERROR notifier: Discord webhook error HTTP 404: {"message": "Unknown Webhook", "code": 10015}
2026-07-26 03:56:10,980 ERROR notifier: Discord webhook error HTTP 404: {"message": "Unknown Webhook", "code": 10015}
2026-07-26 03:56:11,072 WARNING notifier: Discord rate limited; retrying in 0.30s
2026-07-26 03:56:11,562 ERROR notifier: Discord webhook error HTTP 404: {"message": "Unknown Webhook", "code": 10015}
2026-07-26 03:56:11,640 WARNING notifier: Discord rate limited; retrying in 0.30s
2026-07-26 03:56:12,107 ERROR notifier: Discord webhook error HTTP 404: {"message": "Unknown Webhook", "code": 10015}
2026-07-26 03:56:12,189 ERROR notifier: Discord webhook error HTTP 404: {"message": "Unknown Webhook", "code": 10015}
2026-07-26 03:56:12,268 WARNING notifier: Discord rate limited; retrying in 0.30s
2026-07-26 03:56:12,756 ERROR notifier: Discord webhook error HTTP 404: {"message": "Unknown Webhook", "code": 10015}
2026-07-26 03:56:12,834 WARNING notifier: Discord rate limited; retrying in 0.30s
2026-07-26 03:56:13,299 INFO main: AVAILABLE: 89b
2026-07-26 03:56:13,337 ERROR notifier: Discord webhook error HTTP 404: {"message": "Unknown Webhook", "code": 10015}
2026-07-26 03:56:13,413 ERROR notifier: Discord webhook error HTTP 404: {"message": "Unknown Webhook", "code": 10015}
2026-07-26 03:56:13,495 WARNING notifier: Discord rate limited; retrying in 0.30s
2026-07-26 03:56:13,986 ERROR notifier: Discord webhook error HTTP 404: {"message": "Unknown Webhook", "code": 10015}
2026-07-26 03:56:14,066 WARNING notifier: Discord rate limited; retrying in 0.30s
2026-07-26 03:56:14,561 ERROR notifier: Discord webhook error HTTP 404: {"message": "Unknown Webhook", "code": 10015}
2026-07-26 03:56:14,650 ERROR notifier: Discord webhook error HTTP 404: {"message": "Unknown Webhook", "code": 10015}
2026-07-26 03:56:14,728 WARNING notifier: Discord rate limited; retrying in 0.30s
2026-07-26 03:56:14,770 INFO main: AVAILABLE: u4s
2026-07-26 03:56:15,218 ERROR notifier: Discord webhook error HTTP 404: {"message": "Unknown Webhook", "code": 10015}
2026-07-26 03:56:15,312 WARNING notifier: Discord rate limited; retrying in 0.30s
2026-07-26 03:56:15,799 ERROR notifier: Discord webhook error HTTP 404: {"message": "Unknown Webhook", "code": 10015}
2026-07-26 03:56:15,885 ERROR notifier: Discord webhook error HTTP 404: {"message": "Unknown Webhook", "code": 10015}
2026-07-26 03:56:15,959 WARNING notifier: Discord rate limited; retrying in 0.30s
2026-07-26 03:56:16,460 ERROR notifier: Discord webhook error HTTP 404: {"message": "Unknown Webhook", "code": 10015}
2026-07-26 03:56:16,538 WARNING notifier: Discord rate limited; retrying in 0.30s
2026-07-26 03:56:17,022 ERROR notifier: Discord webhook error HTTP 404: {"message": "Unknown Webhook", "code": 10015}
2026-07-26 03:56:17,112 ERROR notifier: Discord webhook error HTTP 404: {"message": "Unknown Webhook", "code": 10015}
2026-07-26 03:56:17,195 WARNING notifier: Discord rate limited; retrying in 0.30s
2026-07-26 03:56:17,683 ERROR notifier: Discord webhook error HTTP 404: {"message": "Unknown Webhook", "code": 10015}
2026-07-26 03:56:17,768 ERROR notifier: Discord webhook error HTTP 404: {"message": "Unknown Webhook", "code": 10015}
2026-07-26 03:56:17,845 WARNING notifier: Discord rate limited; retrying in 0.31s
2026-07-26 03:56:18,351 ERROR notifier: Discord webhook error HTTP 404: {"message": "Unknown Webhook", "code": 10015}
2026-07-26 03:56:18,431 WARNING notifier: Discord rate limited; retrying in 0.30s
2026-07-26 03:56:18,540 INFO main: AVAILABLE: cb3
2026-07-26 03:56:18,942 ERROR notifier: Discord webhook error HTTP 404: {"message": "Unknown Webhook", "code": 10015}
2026-07-26 03:56:19,023 ERROR notifier: Discord webhook error HTTP 404: {"message": "Unknown Webhook", "code": 10015}
2026-07-26 03:56:19,112 WARNING notifier: Discord rate limited; retrying in 0.30s
2026-07-26 03:56:19,604 ERROR notifier: Discord webhook error HTTP 404: {"message": "Unknown Webhook", "code": 10015}
2026-07-26 03:56:19,663 INFO main: AVAILABLE: 54o
2026-07-26 03:56:19,696 WARNING notifier: Discord rate limited; retrying in 0.30s
2026-07-26 03:56:20,188 ERROR notifier: Discord webhook error HTTP 404: {"message": "Unknown Webhook", "code": 10015}
2026-07-26 03:56:20,281 ERROR notifier: Discord webhook error HTTP 404: {"message": "Unknown Webhook", "code": 10015}
2026-07-26 03:56:20,365 WARNING notifier: Discord rate limited; retrying in 0.30s
2026-07-26 03:56:20,867 ERROR notifier: Discord webhook error HTTP 404: {"message": "Unknown Webhook", "code": 10015}
2026-07-26 03:56:20,957 WARNING notifier: Discord rate limited; retrying in 0.30s
2026-07-26 03:56:21,464 ERROR notifier: Discord webhook error HTTP 404: {"message": "Unknown Webhook", "code": 10015}
2026-07-26 03:56:21,554 ERROR notifier: Discord webhook error HTTP 404: {"message": "Unknown Webhook", "code": 10015}
2026-07-26 03:56:21,642 WARNING notifier: Discord rate limited; retrying in 0.30s
2026-07-26 03:56:21,991 INFO main: AVAILABLE: 0r8
2026-07-26 03:56:22,125 ERROR notifier: Discord webhook error HTTP 404: {"message": "Unknown Webhook", "code": 10015}
2026-07-26 03:56:22,209 ERROR notifier: Discord webhook error HTTP 404: {"message": "Unknown Webhook", "code": 10015}
2026-07-26 03:56:22,288 WARNING notifier: Discord rate limited; retrying in 0.30s
2026-07-26 03:56:22,820 ERROR notifier: Discord webhook error HTTP 404: {"message": "Unknown Webhook", "code": 10015}
2026-07-26 03:56:22,906 WARNING notifier: Discord rate limited; retrying in 0.30s
2026-07-26 03:56:23,268 INFO main: AVAILABLE: dp8
2026-07-26 03:56:23,401 ERROR notifier: Discord webhook error HTTP 404: {"message": "Unknown Webhook", "code": 10015}
2026-07-26 03:56:23,494 ERROR notifier: Discord webhook error HTTP 404: {"message": "Unknown Webhook", "code": 10015}
2026-07-26 03:56:23,586 WARNING notifier: Discord rate limited; retrying in 0.30s
2026-07-26 03:56:24,082 ERROR notifier: Discord webhook error HTTP 404: {"message": "Unknown Webhook", "code": 10015}
2026-07-26 03:56:24,165 WARNING notifier: Discord rate limited; retrying in 0.30s
2026-07-26 03:56:24,668 ERROR notifier: Discord webhook error HTTP 404: {"message": "Unknown Webhook", "code": 10015}
2026-07-26 03:56:24,757 ERROR notifier: Discord webhook error HTTP 404: {"message": "Unknown Webhook", "code": 10015}
2026-07-26 03:56:24,840 WARNING notifier: Discord rate limited; retrying in 0.30s
2026-07-26 03:56:25,041 INFO main: AVAILABLE: v9r
2026-07-26 03:56:25,346 ERROR notifier: Discord webhook error HTTP 404: {"message": "Unknown Webhook", "code": 10015}
2026-07-26 03:56:25,432 ERROR notifier: Discord webhook error HTTP 404: {"message": "Unknown Webhook", "code": 10015}
2026-07-26 03:56:25,511 WARNING notifier: Discord rate limited; retrying in 0.30s
2026-07-26 03:56:26,004 ERROR notifier: Discord webhook error HTTP 404: {"message": "Unknown Webhook", "code": 10015}
2026-07-26 03:56:26,085 WARNING notifier: Discord rate limited; retrying in 0.30s
2026-07-26 03:56:26,573 ERROR notifier: Discord webhook error HTTP 404: {"message": "Unknown Webhook", "code": 10015}
2026-07-26 03:56:26,658 ERROR notifier: Discord webhook error HTTP 404: {"message": "Unknown Webhook", "code": 10015}
2026-07-26 03:56:26,736 WARNING notifier: Discord rate limited; retrying in 0.30s
2026-07-26 03:56:27,248 ERROR notifier: Discord webhook error HTTP 404: {"message": "Unknown Webhook", "code": 10015}
2026-07-26 03:56:27,332 WARNING notifier: Discord rate limited; retrying in 0.30s
2026-07-26 03:56:27,833 ERROR notifier: Discord webhook error HTTP 404: {"message": "Unknown Webhook", "code": 10015}
2026-07-26 03:56:27,917 ERROR notifier: Discord webhook error HTTP 404: {"message": "Unknown Webhook", "code": 10015}
2026-07-26 03:56:28,001 WARNING notifier: Discord rate limited; retrying in 0.30s
2026-07-26 03:56:28,511 ERROR notifier: Discord webhook error HTTP 404: {"message": "Unknown Webhook", "code": 10015}
2026-07-26 03:56:28,593 ERROR notifier: Discord webhook error HTTP 404: {"message": "Unknown Webhook", "code": 10015}
2026-07-26 03:56:28,687 WARNING notifier: Discord rate limited; retrying in 0.30s
2026-07-26 03:56:29,173 ERROR notifier: Discord webhook error HTTP 404: {"message": "Unknown Webhook", "code": 10015}
2026-07-26 03:56:29,257 WARNING notifier: Discord rate limited; retrying in 0.30s
2026-07-26 03:56:29,760 ERROR notifier: Discord webhook error HTTP 404: {"message": "Unknown Webhook", "code": 10015}
2026-07-26 03:56:29,859 ERROR notifier: Discord webhook error HTTP 404: {"message": "Unknown Webhook", "code": 10015}
2026-07-26 03:56:29,940 WARNING notifier: Discord rate limited; retrying in 0.30s
2026-07-26 03:56:30,418 ERROR notifier: Discord webhook error HTTP 404: {"message": "Unknown Webhook", "code": 10015}
2026-07-26 03:56:30,500 WARNING notifier: Discord rate limited; retrying in 0.30s
2026-07-26 03:56:30,977 ERROR notifier: Discord webhook error HTTP 404: {"message": "Unknown Webhook", "code": 10015}
2026-07-26 03:56:31,036 WARNING checker: si7: giving up after 5 attempts (HTTP 429)
2026-07-26 03:56:31,064 ERROR notifier: Discord webhook error HTTP 404: {"message": "Unknown Webhook", "code": 10015}
2026-07-26 03:56:31,157 WARNING notifier: Discord rate limited; retrying in 0.30s
2026-07-26 03:56:31,643 ERROR notifier: Discord webhook error HTTP 404: {"message": "Unknown Webhook", "code": 10015}
2026-07-26 03:56:31,724 WARNING notifier: Discord rate limited; retrying in 0.30s
2026-07-26 03:56:31,993 WARNING checker: nz6: giving up after 5 attempts (HTTP 429)
2026-07-26 03:56:32,207 WARNING checker: fxs: giving up after 5 attempts (HTTP 429)
2026-07-26 03:56:32,215 ERROR notifier: Discord webhook error HTTP 404: {"message": "Unknown Webhook", "code": 10015}
2026-07-26 03:56:32,295 ERROR notifier: Discord webhook error HTTP 404: {"message": "Unknown Webhook", "code": 10015}
2026-07-26 03:56:32,376 WARNING notifier: Discord rate limited; retrying in 0.30s
2026-07-26 03:56:32,871 ERROR notifier: Discord webhook error HTTP 404: {"message": "Unknown Webhook", "code": 10015}
2026-07-26 03:56:32,974 WARNING notifier: Discord rate limited; retrying in 0.30s
2026-07-26 03:56:33,536 ERROR notifier: Discord webhook error HTTP 404: {"message": "Unknown Webhook", "code": 10015}
2026-07-26 03:56:33,627 ERROR notifier: Discord webhook error HTTP 404: {"message": "Unknown Webhook", "code": 10015}
2026-07-26 03:56:33,716 WARNING notifier: Discord rate limited; retrying in 0.30s
2026-07-26 03:56:34,226 ERROR notifier: Discord webhook error HTTP 404: {"message": "Unknown Webhook", "code": 10015}
2026-07-26 03:56:34,312 ERROR notifier: Discord webhook error HTTP 404: {"message": "Unknown Webhook", "code": 10015}
2026-07-26 03:56:34,396 WARNING notifier: Discord rate limited; retrying in 0.30s
2026-07-26 03:56:34,893 ERROR notifier: Discord webhook error HTTP 404: {"message": "Unknown Webhook", "code": 10015}
2026-07-26 03:56:34,985 ERROR notifier: Discord webhook error HTTP 404: {"message": "Unknown Webhook", "code": 10015}
2026-07-26 03:56:35,068 WARNING notifier: Discord rate limited; retrying in 0.30s
2026-07-26 03:56:35,581 ERROR notifier: Discord webhook error HTTP 404: {"message": "Unknown Webhook", "code": 10015}
2026-07-26 03:56:35,665 WARNING notifier: Discord rate limited; retrying in 0.30s
2026-07-26 03:56:36,147 ERROR notifier: Discord webhook error HTTP 404: {"message": "Unknown Webhook", "code": 10015}
2026-07-26 03:56:36,236 ERROR notifier: Discord webhook error HTTP 404: {"message": "Unknown Webhook", "code": 10015}
2026-07-26 03:56:36,316 WARNING notifier: Discord rate limited; retrying in 0.30s
2026-07-26 03:56:36,807 ERROR notifier: Discord webhook error HTTP 404: {"message": "Unknown Webhook", "code": 10015}
2026-07-26 03:56:36,898 WARNING notifier: Discord rate limited; retrying in 0.30s
2026-07-26 03:56:37,390 ERROR notifier: Discord webhook error HTTP 404: {"message": "Unknown Webhook", "code": 10015}
2026-07-26 03:56:37,486 ERROR notifier: Discord webhook error HTTP 404: {"message": "Unknown Webhook", "code": 10015}
2026-07-26 03:56:37,561 WARNING notifier: Discord rate limited; retrying in 0.30s
2026-07-26 03:56:38,055 ERROR notifier: Discord webhook error HTTP 404: {"message": "Unknown Webhook", "code": 10015}
2026-07-26 03:56:38,174 WARNING notifier: Discord rate limited; retrying in 0.30s
2026-07-26 03:56:38,198 WARNING checker: 5m6: giving up after 5 attempts (HTTP 429)
2026-07-26 03:56:38,661 ERROR notifier: Discord webhook error HTTP 404: {"message": "Unknown Webhook", "code": 10015}
2026-07-26 03:56:38,664 WARNING checker: mjs: giving up after 5 attempts (HTTP 429)
2026-07-26 03:56:38,753 ERROR notifier: Discord webhook error HTTP 404: {"message": "Unknown Webhook", "code": 10015}
2026-07-26 03:56:38,780 WARNING checker: 6cq: giving up after 5 attempts (HTTP 429)
2026-07-26 03:56:38,836 WARNING notifier: Discord rate limited; retrying in 0.30s
2026-07-26 03:56:39,360 ERROR notifier: Discord webhook error HTTP 404: {"message": "Unknown Webhook", "code": 10015}
2026-07-26 03:56:39,465 ERROR notifier: Discord webhook error HTTP 404: {"message": "Unknown Webhook", "code": 10015}
2026-07-26 03:56:39,556 WARNING notifier: Discord rate limited; retrying in 0.30s
2026-07-26 03:56:40,043 ERROR notifier: Discord webhook error HTTP 404: {"message": "Unknown Webhook", "code": 10015}
2026-07-26 03:56:40,124 WARNING notifier: Discord rate limited; retrying in 0.30s
2026-07-26 03:56:40,617 ERROR notifier: Discord webhook error HTTP 404: {"message": "Unknown Webhook", "code": 10015}
2026-07-26 03:56:40,709 ERROR notifier: Discord webhook error HTTP 404: {"message": "Unknown Webhook", "code": 10015}
2026-07-26 03:56:40,784 WARNING notifier: Discord rate limited; retrying in 0.30s
2026-07-26 03:56:41,305 ERROR notifier: Discord webhook error HTTP 404: {"message": "Unknown Webhook", "code": 10015}
2026-07-26 03:56:41,386 ERROR notifier: Discord webhook error HTTP 404: {"message": "Unknown Webhook", "code": 10015}
2026-07-26 03:56:41,463 WARNING notifier: Discord rate limited; retrying in 0.30s
2026-07-26 03:56:41,959 ERROR notifier: Discord webhook error HTTP 404: {"message": "Unknown Webhook", "code": 10015}
2026-07-26 03:56:42,039 WARNING notifier: Discord rate limited; retrying in 0.30s
2026-07-26 03:56:42,572 ERROR notifier: Discord webhook error HTTP 404: {"message": "Unknown Webhook", "code": 10015}
2026-07-26 03:56:42,712 ERROR notifier: Discord webhook error HTTP 404: {"message": "Unknown Webhook", "code": 10015}
2026-07-26 03:56:42,792 WARNING notifier: Discord rate limited; retrying in 0.30s
2026-07-26 03:56:43,278 ERROR notifier: Discord webhook error HTTP 404: {"message": "Unknown Webhook", "code": 10015}
2026-07-26 03:56:43,366 WARNING notifier: Discord rate limited; retrying in 0.30s
2026-07-26 03:56:43,858 ERROR notifier: Discord webhook error HTTP 404: {"message": "Unknown Webhook", "code": 10015}
2026-07-26 03:56:43,943 ERROR notifier: Discord webhook error HTTP 404: {"message": "Unknown Webhook", "code": 10015}
2026-07-26 03:56:44,024 WARNING notifier: Discord rate limited; retrying in 0.30s
2026-07-26 03:56:44,511 ERROR notifier: Discord webhook error HTTP 404: {"message": "Unknown Webhook", "code": 10015}
2026-07-26 03:56:44,590 ERROR notifier: Discord webhook error HTTP 404: {"message": "Unknown Webhook", "code": 10015}
2026-07-26 03:56:44,670 WARNING notifier: Discord rate limited; retrying in 0.30s
2026-07-26 03:56:45,167 ERROR notifier: Discord webhook error HTTP 404: {"message": "Unknown Webhook", "code": 10015}
2026-07-26 03:56:45,250 WARNING notifier: Discord rate limited; retrying in 0.30s
2026-07-26 03:56:45,734 ERROR notifier: Discord webhook error HTTP 404: {"message": "Unknown Webhook", "code": 10015}
2026-07-26 03:56:45,834 ERROR notifier: Discord webhook error HTTP 404: {"message": "Unknown Webhook", "code": 10015}
2026-07-26 03:56:45,940 WARNING notifier: Discord rate limited; retrying in 0.30s
2026-07-26 03:56:46,153 INFO main: AVAILABLE: p7b
2026-07-26 03:56:46,429 ERROR notifier: Discord webhook error HTTP 404: {"message": "Unknown Webhook", "code": 10015}
2026-07-26 03:56:46,505 WARNING notifier: Discord rate limited; retrying in 0.30s
2026-07-26 03:56:46,993 INFO main: AVAILABLE: 1mu
2026-07-26 03:56:46,996 ERROR notifier: Discord webhook error HTTP 404: {"message": "Unknown Webhook", "code": 10015}
2026-07-26 03:56:47,078 ERROR notifier: Discord webhook error HTTP 404: {"message": "Unknown Webhook", "code": 10015}
2026-07-26 03:56:47,166 WARNING notifier: Discord rate limited; retrying in 0.30s
2026-07-26 03:56:47,661 ERROR notifier: Discord webhook error HTTP 404: {"message": "Unknown Webhook", "code": 10015}
2026-07-26 03:56:47,740 WARNING notifier: Discord rate limited; retrying in 0.30s
2026-07-26 03:56:48,249 ERROR notifier: Discord webhook error HTTP 404: {"message": "Unknown Webhook", "code": 10015}
2026-07-26 03:56:48,340 ERROR notifier: Discord webhook error HTTP 404: {"message": "Unknown Webhook", "code": 10015}
2026-07-26 03:56:48,438 WARNING notifier: Discord rate limited; retrying in 0.30s
2026-07-26 03:56:48,918 ERROR notifier: Discord webhook error HTTP 404: {"message": "Unknown Webhook", "code": 10015}
2026-07-26 03:56:49,000 ERROR notifier: Discord webhook error HTTP 404: {"message": "Unknown Webhook", "code": 10015}
2026-07-26 03:56:49,088 WARNING notifier: Discord rate limited; retrying in 0.30s
2026-07-26 03:56:49,387 INFO main: AVAILABLE: 5kp
2026-07-26 03:56:49,639 ERROR notifier: Discord webhook error HTTP 404: {"message": "Unknown Webhook", "code": 10015}
2026-07-26 03:56:49,722 WARNING notifier: Discord rate limited; retrying in 0.30s
2026-07-26 03:56:50,223 ERROR notifier: Discord webhook error HTTP 404: {"message": "Unknown Webhook", "code": 10015}
2026-07-26 03:56:50,306 ERROR notifier: Discord webhook error HTTP 404: {"message": "Unknown Webhook", "code": 10015}
2026-07-26 03:56:50,389 WARNING notifier: Discord rate limited; retrying in 0.30s
2026-07-26 03:56:50,737 INFO main: AVAILABLE: mu9
2026-07-26 03:56:50,882 ERROR notifier: Discord webhook error HTTP 404: {"message": "Unknown Webhook", "code": 10015}
2026-07-26 03:56:50,995 ERROR notifier: Discord webhook error HTTP 404: {"message": "Unknown Webhook", "code": 10015}
2026-07-26 03:56:51,077 WARNING notifier: Discord rate limited; retrying in 0.30s
2026-07-26 03:56:51,277 INFO main: AVAILABLE: rq6
2026-07-26 03:56:51,565 ERROR notifier: Discord webhook error HTTP 404: {"message": "Unknown Webhook", "code": 10015}
2026-07-26 03:56:51,644 WARNING notifier: Discord rate limited; retrying in 0.30s
2026-07-26 03:56:52,128 ERROR notifier: Discord webhook error HTTP 404: {"message": "Unknown Webhook", "code": 10015}
2026-07-26 03:56:52,225 ERROR notifier: Discord webhook error HTTP 404: {"message": "Unknown Webhook", "code": 10015}
2026-07-26 03:56:52,300 WARNING notifier: Discord rate limited; retrying in 0.30s
2026-07-26 03:56:52,797 ERROR notifier: Discord webhook error HTTP 404: {"message": "Unknown Webhook", "code": 10015}
2026-07-26 03:56:52,885 WARNING notifier: Discord rate limited; retrying in 0.30s
2026-07-26 03:56:53,375 ERROR notifier: Discord webhook error HTTP 404: {"message": "Unknown Webhook", "code": 10015}
2026-07-26 03:56:53,475 ERROR notifier: Discord webhook error HTTP 404: {"message": "Unknown Webhook", "code": 10015}
2026-07-26 03:56:53,555 WARNING notifier: Discord rate limited; retrying in 0.30s
2026-07-26 03:56:54,037 ERROR notifier: Discord webhook error HTTP 404: {"message": "Unknown Webhook", "code": 10015}
2026-07-26 03:56:54,120 WARNING notifier: Discord rate limited; retrying in 0.30s
2026-07-26 03:56:54,619 ERROR notifier: Discord webhook error HTTP 404: {"message": "Unknown Webhook", "code": 10015}
2026-07-26 03:56:54,717 ERROR notifier: Discord webhook error HTTP 404: {"message": "Unknown Webhook", "code": 10015}
2026-07-26 03:56:54,794 WARNING notifier: Discord rate limited; retrying in 0.30s
2026-07-26 03:56:55,278 ERROR notifier: Discord webhook error HTTP 404: {"message": "Unknown Webhook", "code": 10015}
2026-07-26 03:56:55,354 WARNING notifier: Discord rate limited; retrying in 0.30s
2026-07-26 03:56:55,876 ERROR notifier: Discord webhook error HTTP 404: {"message": "Unknown Webhook", "code": 10015}
2026-07-26 03:56:55,963 ERROR notifier: Discord webhook error HTTP 404: {"message": "Unknown Webhook", "code": 10015}
2026-07-26 03:56:56,045 WARNING notifier: Discord rate limited; retrying in 0.30s
2026-07-26 03:56:56,531 ERROR notifier: Discord webhook error HTTP 404: {"message": "Unknown Webhook", "code": 10015}
2026-07-26 03:56:56,616 ERROR notifier: Discord webhook error HTTP 404: {"message": "Unknown Webhook", "code": 10015}
2026-07-26 03:56:56,698 WARNING notifier: Discord rate limited; retrying in 0.30s
2026-07-26 03:56:56,835 INFO main: AVAILABLE: t4l
2026-07-26 03:56:57,215 ERROR notifier: Discord webhook error HTTP 404: {"message": "Unknown Webhook", "code": 10015}
2026-07-26 03:56:57,290 WARNING notifier: Discord rate limited; retrying in 0.30s
2026-07-26 03:56:57,789 ERROR notifier: Discord webhook error HTTP 404: {"message": "Unknown Webhook", "code": 10015}
2026-07-26 03:56:57,878 ERROR notifier: Discord webhook error HTTP 404: {"message": "Unknown Webhook", "code": 10015}
2026-07-26 03:56:57,960 WARNING notifier: Discord rate limited; retrying in 0.30s
2026-07-26 03:56:58,460 ERROR notifier: Discord webhook error HTTP 404: {"message": "Unknown Webhook", "code": 10015}
2026-07-26 03:56:58,535 WARNING notifier: Discord rate limited; retrying in 0.30s
2026-07-26 03:56:59,035 ERROR notifier: Discord webhook error HTTP 404: {"message": "Unknown Webhook", "code": 10015}
2026-07-26 03:56:59,113 ERROR notifier: Discord webhook error HTTP 404: {"message": "Unknown Webhook", "code": 10015}
2026-07-26 03:56:59,194 WARNING notifier: Discord rate limited; retrying in 0.30s
2026-07-26 03:56:59,673 ERROR notifier: Discord webhook error HTTP 404: {"message": "Unknown Webhook", "code": 10015}
2026-07-26 03:56:59,766 WARNING notifier: Discord rate limited; retrying in 0.30s
2026-07-26 03:57:00,253 ERROR notifier: Discord webhook error HTTP 404: {"message": "Unknown Webhook", "code": 10015}
2026-07-26 03:57:00,355 ERROR notifier: Discord webhook error HTTP 404: {"message": "Unknown Webhook", "code": 10015}
2026-07-26 03:57:00,434 WARNING notifier: Discord rate limited; retrying in 0.30s
2026-07-26 03:57:00,514 INFO main: AVAILABLE: 9nl
2026-07-26 03:57:00,920 ERROR notifier: Discord webhook error HTTP 404: {"message": "Unknown Webhook", "code": 10015}
2026-07-26 03:57:01,001 ERROR notifier: Discord webhook error HTTP 404: {"message": "Unknown Webhook", "code": 10015}
2026-07-26 03:57:01,096 WARNING notifier: Discord rate limited; retrying in 0.30s
2026-07-26 03:57:01,612 ERROR notifier: Discord webhook error HTTP 404: {"message": "Unknown Webhook", "code": 10015}
2026-07-26 03:57:01,692 WARNING notifier: Discord rate limited; retrying in 0.30s
2026-07-26 03:57:01,806 INFO main: AVAILABLE: 31b
2026-07-26 03:57:02,184 ERROR notifier: Discord webhook error HTTP 404: {"message": "Unknown Webhook", "code": 10015}
2026-07-26 03:57:02,270 ERROR notifier: Discord webhook error HTTP 404: {"message": "Unknown Webhook", "code": 10015}
2026-07-26 03:57:02,356 WARNING notifier: Discord rate limited; retrying in 0.30s
2026-07-26 03:57:02,832 ERROR notifier: Discord webhook error HTTP 404: {"message": "Unknown Webhook", "code": 10015}
2026-07-26 03:57:02,926 WARNING notifier: Discord rate limited; retrying in 0.30s
2026-07-26 03:57:03,412 ERROR notifier: Discord webhook error HTTP 404: {"message": "Unknown Webhook", "code": 10015}
2026-07-26 03:57:03,520 ERROR notifier: Discord webhook error HTTP 404: {"message": "Unknown Webhook", "code": 10015}
2026-07-26 03:57:03,597 WARNING notifier: Discord rate limited; retrying in 0.30s
2026-07-26 03:57:04,103 ERROR notifier: Discord webhook error HTTP 404: {"message": "Unknown Webhook", "code": 10015}
2026-07-26 03:57:04,189 ERROR notifier: Discord webhook error HTTP 404: {"message": "Unknown Webhook", "code": 10015}
2026-07-26 03:57:04,278 WARNING notifier: Discord rate limited; retrying in 0.30s
2026-07-26 03:57:04,772 ERROR notifier: Discord webhook error HTTP 404: {"message": "Unknown Webhook", "code": 10015}
2026-07-26 03:57:04,934 WARNING notifier: Discord rate limited; retrying in 0.30s
2026-07-26 03:57:05,421 ERROR notifier: Discord webhook error HTTP 404: {"message": "Unknown Webhook", "code": 10015}
2026-07-26 03:57:05,501 ERROR notifier: Discord webhook error HTTP 404: {"message": "Unknown Webhook", "code": 10015}
2026-07-26 03:57:05,577 WARNING notifier: Discord rate limited; retrying in 0.30s
2026-07-26 03:57:06,073 ERROR notifier: Discord webhook error HTTP 404: {"message": "Unknown Webhook", "code": 10015}
2026-07-26 03:57:06,154 WARNING notifier: Discord rate limited; retrying in 0.30s
2026-07-26 03:57:06,618 ERROR notifier: Discord webhook error HTTP 404: {"message": "Unknown Webhook", "code": 10015}
2026-07-26 03:57:06,688 INFO main: AVAILABLE: 7fh
2026-07-26 03:57:06,724 ERROR notifier: Discord webhook error HTTP 404: {"message": "Unknown Webhook", "code": 10015}
2026-07-26 03:57:06,803 WARNING notifier: Discord rate limited; retrying in 0.30s
2026-07-26 03:57:07,305 ERROR notifier: Discord webhook error HTTP 404: {"message": "Unknown Webhook", "code": 10015}
2026-07-26 03:57:07,391 ERROR notifier: Discord webhook error HTTP 404: {"message": "Unknown Webhook", "code": 10015}
2026-07-26 03:57:07,477 WARNING notifier: Discord rate limited; retrying in 0.30s
2026-07-26 03:57:07,964 ERROR notifier: Discord webhook error HTTP 404: {"message": "Unknown Webhook", "code": 10015}
2026-07-26 03:57:08,160 WARNING notifier: Discord rate limited; retrying in 0.30s
2026-07-26 03:57:08,665 ERROR notifier: Discord webhook error HTTP 404: {"message": "Unknown Webhook", "code": 10015}
2026-07-26 03:57:08,756 ERROR notifier: Discord webhook error HTTP 404: {"message": "Unknown Webhook", "code": 10015}
2026-07-26 03:57:08,838 WARNING notifier: Discord rate limited; retrying in 0.30s
2026-07-26 03:57:09,188 INFO main: AVAILABLE: o3q
2026-07-26 03:57:09,336 ERROR notifier: Discord webhook error HTTP 404: {"message": "Unknown Webhook", "code": 10015}
2026-07-26 03:57:09,423 ERROR notifier: Discord webhook error HTTP 404: {"message": "Unknown Webhook", "code": 10015}
2026-07-26 03:57:09,500 WARNING notifier: Discord rate limited; retrying in 0.30s
2026-07-26 03:57:09,975 ERROR notifier: Discord webhook error HTTP 404: {"message": "Unknown Webhook", "code": 10015}
2026-07-26 03:57:10,050 WARNING notifier: Discord rate limited; retrying in 0.30s
2026-07-26 03:57:10,592 ERROR notifier: Discord webhook error HTTP 404: {"message": "Unknown Webhook", "code": 10015}
2026-07-26 03:57:10,679 ERROR notifier: Discord webhook error HTTP 404: {"message": "Unknown Webhook", "code": 10015}
2026-07-26 03:57:10,815 WARNING notifier: Discord rate limited; retrying in 0.30s
2026-07-26 03:57:11,285 ERROR notifier: Discord webhook error HTTP 404: {"message": "Unknown Webhook", "code": 10015}
2026-07-26 03:57:11,386 ERROR notifier: Discord webhook error HTTP 404: {"message": "Unknown Webhook", "code": 10015}
2026-07-26 03:57:11,473 WARNING notifier: Discord rate limited; retrying in 0.30s
2026-07-26 03:57:11,971 ERROR notifier: Discord webhook error HTTP 404: {"message": "Unknown Webhook", "code": 10015}
2026-07-26 03:57:12,054 WARNING notifier: Discord rate limited; retrying in 0.30s
2026-07-26 03:57:12,208 INFO main: AVAILABLE: ij3
2026-07-26 03:57:12,551 ERROR notifier: Discord webhook error HTTP 404: {"message": "Unknown Webhook", "code": 10015}
2026-07-26 03:57:12,629 ERROR notifier: Discord webhook error HTTP 404: {"message": "Unknown Webhook", "code": 10015}
2026-07-26 03:57:12,737 WARNING notifier: Discord rate limited; retrying in 0.30s
2026-07-26 03:57:13,235 ERROR notifier: Discord webhook error HTTP 404: {"message": "Unknown Webhook", "code": 10015}
2026-07-26 03:57:13,324 WARNING notifier: Discord rate limited; retrying in 0.30s
2026-07-26 03:57:13,808 ERROR notifier: Discord webhook error HTTP 404: {"message": "Unknown Webhook", "code": 10015}
2026-07-26 03:57:13,920 ERROR notifier: Discord webhook error HTTP 404: {"message": "Unknown Webhook", "code": 10015}
2026-07-26 03:57:14,003 WARNING notifier: Discord rate limited; retrying in 0.30s
2026-07-26 03:57:14,504 ERROR notifier: Discord webhook error HTTP 404: {"message": "Unknown Webhook", "code": 10015}
2026-07-26 03:57:14,592 ERROR notifier: Discord webhook error HTTP 404: {"message": "Unknown Webhook", "code": 10015}
2026-07-26 03:57:14,674 WARNING notifier: Discord rate limited; retrying in 0.30s
2026-07-26 03:57:15,147 ERROR notifier: Discord webhook error HTTP 404: {"message": "Unknown Webhook", "code": 10015}
2026-07-26 03:57:15,223 WARNING notifier: Discord rate limited; retrying in 0.30s
2026-07-26 03:57:15,705 INFO main: AVAILABLE: 2dw
2026-07-26 03:57:15,710 ERROR notifier: Discord webhook error HTTP 404: {"message": "Unknown Webhook", "code": 10015}
2026-07-26 03:57:15,817 ERROR notifier: Discord webhook error HTTP 404: {"message": "Unknown Webhook", "code": 10015}
2026-07-26 03:57:15,897 WARNING notifier: Discord rate limited; retrying in 0.30s
2026-07-26 03:57:15,970 INFO main: AVAILABLE: 02j
2026-07-26 03:57:16,389 ERROR notifier: Discord webhook error HTTP 404: {"message": "Unknown Webhook", "code": 10015}
2026-07-26 03:57:16,471 WARNING notifier: Discord rate limited; retrying in 0.30s
2026-07-26 03:57:16,967 ERROR notifier: Discord webhook error HTTP 404: {"message": "Unknown Webhook", "code": 10015}
2026-07-26 03:57:17,050 ERROR notifier: Discord webhook error HTTP 404: {"message": "Unknown Webhook", "code": 10015}
2026-07-26 03:57:17,126 WARNING notifier: Discord rate limited; retrying in 0.30s
2026-07-26 03:57:17,636 ERROR notifier: Discord webhook error HTTP 404: {"message": "Unknown Webhook", "code": 10015}
2026-07-26 03:57:17,710 WARNING notifier: Discord rate limited; retrying in 0.30s
2026-07-26 03:57:18,203 ERROR notifier: Discord webhook error HTTP 404: {"message": "Unknown Webhook", "code": 10015}
2026-07-26 03:57:18,290 ERROR notifier: Discord webhook error HTTP 404: {"message": "Unknown Webhook", "code": 10015}
2026-07-26 03:57:18,367 WARNING notifier: Discord rate limited; retrying in 0.30s
2026-07-26 03:57:18,874 ERROR notifier: Discord webhook error HTTP 404: {"message": "Unknown Webhook", "code": 10015}
2026-07-26 03:57:18,958 WARNING notifier: Discord rate limited; retrying in 0.30s
2026-07-26 03:57:19,452 ERROR notifier: Discord webhook error HTTP 404: {"message": "Unknown Webhook", "code": 10015}
2026-07-26 03:57:19,554 ERROR notifier: Discord webhook error HTTP 404: {"message": "Unknown Webhook", "code": 10015}
2026-07-26 03:57:19,644 WARNING notifier: Discord rate limited; retrying in 0.30s
2026-07-26 03:57:20,144 ERROR notifier: Discord webhook error HTTP 404: {"message": "Unknown Webhook", "code": 10015}
2026-07-26 03:57:20,232 ERROR notifier: Discord webhook error HTTP 404: {"message": "Unknown Webhook", "code": 10015}
2026-07-26 03:57:20,304 WARNING notifier: Discord rate limited; retrying in 0.30s
2026-07-26 03:57:20,806 ERROR notifier: Discord webhook error HTTP 404: {"message": "Unknown Webhook", "code": 10015}
2026-07-26 03:57:20,882 WARNING notifier: Discord rate limited; retrying in 0.30s
2026-07-26 03:57:20,942 INFO main: AVAILABLE: w76
2026-07-26 03:57:21,370 ERROR notifier: Discord webhook error HTTP 404: {"message": "Unknown Webhook", "code": 10015}
2026-07-26 03:57:21,454 ERROR notifier: Discord webhook error HTTP 404: {"message": "Unknown Webhook", "code": 10015}
2026-07-26 03:57:21,532 WARNING notifier: Discord rate limited; retrying in 0.30s
2026-07-26 03:57:22,007 ERROR notifier: Discord webhook error HTTP 404: {"message": "Unknown Webhook", "code": 10015}
2026-07-26 03:57:22,089 WARNING notifier: Discord rate limited; retrying in 0.30s
2026-07-26 03:57:22,138 INFO main: AVAILABLE: bu1
2026-07-26 03:57:22,574 ERROR notifier: Discord webhook error HTTP 404: {"message": "Unknown Webhook", "code": 10015}
2026-07-26 03:57:22,674 ERROR notifier: Discord webhook error HTTP 404: {"message": "Unknown Webhook", "code": 10015}
2026-07-26 03:57:22,748 WARNING notifier: Discord rate limited; retrying in 0.30s
2026-07-26 03:57:23,225 ERROR notifier: Discord webhook error HTTP 404: {"message": "Unknown Webhook", "code": 10015}
2026-07-26 03:57:23,314 WARNING notifier: Discord rate limited; retrying in 0.30s
2026-07-26 03:57:23,417 INFO main: AVAILABLE: cl9
2026-07-26 03:57:23,793 ERROR notifier: Discord webhook error HTTP 404: {"message": "Unknown Webhook", "code": 10015}
2026-07-26 03:57:23,880 ERROR notifier: Discord webhook error HTTP 404: {"message": "Unknown Webhook", "code": 10015}
2026-07-26 03:57:23,966 WARNING notifier: Discord rate limited; retrying in 0.30s
2026-07-26 03:57:24,456 ERROR notifier: Discord webhook error HTTP 404: {"message": "Unknown Webhook", "code": 10015}
2026-07-26 03:57:24,550 WARNING notifier: Discord rate limited; retrying in 0.30s
2026-07-26 03:57:25,063 ERROR notifier: Discord webhook error HTTP 404: {"message": "Unknown Webhook", "code": 10015}
2026-07-26 03:57:25,148 ERROR notifier: Discord webhook error HTTP 404: {"message": "Unknown Webhook", "code": 10015}
2026-07-26 03:57:25,224 WARNING notifier: Discord rate limited; retrying in 0.30s
2026-07-26 03:57:25,708 ERROR notifier: Discord webhook error HTTP 404: {"message": "Unknown Webhook", "code": 10015}
2026-07-26 03:57:25,808 ERROR notifier: Discord webhook error HTTP 404: {"message": "Unknown Webhook", "code": 10015}
2026-07-26 03:57:25,900 WARNING notifier: Discord rate limited; retrying in 0.30s
2026-07-26 03:57:26,227 INFO main: AVAILABLE: 0ua
2026-07-26 03:57:26,390 ERROR notifier: Discord webhook error HTTP 404: {"message": "Unknown Webhook", "code": 10015}
2026-07-26 03:57:26,470 WARNING notifier: Discord rate limited; retrying in 0.30s
2026-07-26 03:57:26,970 ERROR notifier: Discord webhook error HTTP 404: {"message": "Unknown Webhook", "code": 10015}
2026-07-26 03:57:27,049 ERROR notifier: Discord webhook error HTTP 404: {"message": "Unknown Webhook", "code": 10015}
2026-07-26 03:57:27,138 WARNING notifier: Discord rate limited; retrying in 0.30s
2026-07-26 03:57:27,506 INFO main: AVAILABLE: 9pf
2026-07-26 03:57:27,643 ERROR notifier: Discord webhook error HTTP 404: {"message": "Unknown Webhook", "code": 10015}
2026-07-26 03:57:27,746 WARNING notifier: Discord rate limited; retrying in 0.30s
2026-07-26 03:57:28,217 ERROR notifier: Discord webhook error HTTP 404: {"message": "Unknown Webhook", "code": 10015}
2026-07-26 03:57:28,305 ERROR notifier: Discord webhook error HTTP 404: {"message": "Unknown Webhook", "code": 10015}
2026-07-26 03:57:28,388 WARNING notifier: Discord rate limited; retrying in 0.30s
2026-07-26 03:57:28,865 ERROR notifier: Discord webhook error HTTP 404: {"message": "Unknown Webhook", "code": 10015}
2026-07-26 03:57:28,945 WARNING notifier: Discord rate limited; retrying in 0.30s
2026-07-26 03:57:29,431 ERROR notifier: Discord webhook error HTTP 404: {"message": "Unknown Webhook", "code": 10015}
2026-07-26 03:57:29,521 ERROR notifier: Discord webhook error HTTP 404: {"message": "Unknown Webhook", "code": 10015}
2026-07-26 03:57:29,597 WARNING notifier: Discord rate limited; retrying in 0.30s
2026-07-26 03:57:30,096 ERROR notifier: Discord webhook error HTTP 404: {"message": "Unknown Webhook", "code": 10015}
2026-07-26 03:57:30,175 ERROR notifier: Discord webhook error HTTP 404: {"message": "Unknown Webhook", "code": 10015}
2026-07-26 03:57:30,267 WARNING notifier: Discord rate limited; retrying in 0.30s
2026-07-26 03:57:30,751 ERROR notifier: Discord webhook error HTTP 404: {"message": "Unknown Webhook", "code": 10015}
2026-07-26 03:57:30,832 WARNING notifier: Discord rate limited; retrying in 0.30s
2026-07-26 03:57:31,318 ERROR notifier: Discord webhook error HTTP 404: {"message": "Unknown Webhook", "code": 10015}
2026-07-26 03:57:31,412 ERROR notifier: Discord webhook error HTTP 404: {"message": "Unknown Webhook", "code": 10015}
2026-07-26 03:57:31,492 WARNING notifier: Discord rate limited; retrying in 0.30s
2026-07-26 03:57:31,986 ERROR notifier: Discord webhook error HTTP 404: {"message": "Unknown Webhook", "code": 10015}
2026-07-26 03:57:32,080 WARNING notifier: Discord rate limited; retrying in 0.30s
2026-07-26 03:57:32,588 ERROR notifier: Discord webhook error HTTP 404: {"message": "Unknown Webhook", "code": 10015}
2026-07-26 03:57:32,685 ERROR notifier: Discord webhook error HTTP 404: {"message": "Unknown Webhook", "code": 10015}
2026-07-26 03:57:32,794 WARNING notifier: Discord rate limited; retrying in 0.30s
2026-07-26 03:57:33,272 ERROR notifier: Discord webhook error HTTP 404: {"message": "Unknown Webhook", "code": 10015}
2026-07-26 03:57:33,355 WARNING notifier: Discord rate limited; retrying in 0.30s
2026-07-26 03:57:33,835 ERROR notifier: Discord webhook error HTTP 404: {"message": "Unknown Webhook", "code": 10015}
2026-07-26 03:57:33,913 ERROR notifier: Discord webhook error HTTP 404: {"message": "Unknown Webhook", "code": 10015}
2026-07-26 03:57:33,988 WARNING notifier: Discord rate limited; retrying in 0.30s
2026-07-26 03:57:34,494 ERROR notifier: Discord webhook error HTTP 404: {"message": "Unknown Webhook", "code": 10015}
2026-07-26 03:57:34,591 ERROR notifier: Discord webhook error HTTP 404: {"message": "Unknown Webhook", "code": 10015}
2026-07-26 03:57:34,687 WARNING notifier: Discord rate limited; retrying in 0.30s
2026-07-26 03:57:35,176 ERROR notifier: Discord webhook error HTTP 404: {"message": "Unknown Webhook", "code": 10015}
2026-07-26 03:57:35,184 WARNING checker: b0r: giving up after 5 attempts (HTTP 429)
2026-07-26 03:57:35,261 WARNING notifier: Discord rate limited; retrying in 0.30s
2026-07-26 03:57:35,591 WARNING checker: 1q5: giving up after 5 attempts (HTTP 429)
2026-07-26 03:57:35,769 ERROR notifier: Discord webhook error HTTP 404: {"message": "Unknown Webhook", "code": 10015}
2026-07-26 03:57:35,777 WARNING checker: fbr: giving up after 5 attempts (HTTP 429)
2026-07-26 03:57:35,849 ERROR notifier: Discord webhook error HTTP 404: {"message": "Unknown Webhook", "code": 10015}
2026-07-26 03:57:35,934 WARNING notifier: Discord rate limited; retrying in 0.30s
2026-07-26 03:57:36,427 ERROR notifier: Discord webhook error HTTP 404: {"message": "Unknown Webhook", "code": 10015}
2026-07-26 03:57:36,507 WARNING notifier: Discord rate limited; retrying in 0.30s
2026-07-26 03:57:36,984 ERROR notifier: Discord webhook error HTTP 404: {"message": "Unknown Webhook", "code": 10015}
2026-07-26 03:57:37,084 ERROR notifier: Discord webhook error HTTP 404: {"message": "Unknown Webhook", "code": 10015}
2026-07-26 03:57:37,163 WARNING notifier: Discord rate limited; retrying in 0.30s
2026-07-26 03:57:37,656 ERROR notifier: Discord webhook error HTTP 404: {"message": "Unknown Webhook", "code": 10015}
2026-07-26 03:57:37,732 WARNING notifier: Discord rate limited; retrying in 0.30s
2026-07-26 03:57:38,228 ERROR notifier: Discord webhook error HTTP 404: {"message": "Unknown Webhook", "code": 10015}
2026-07-26 03:57:38,409 ERROR notifier: Discord webhook error HTTP 404: {"message": "Unknown Webhook", "code": 10015}
2026-07-26 03:57:38,489 WARNING notifier: Discord rate limited; retrying in 0.30s
2026-07-26 03:57:38,988 ERROR notifier: Discord webhook error HTTP 404: {"message": "Unknown Webhook", "code": 10015}
2026-07-26 03:57:39,070 ERROR notifier: Discord webhook error HTTP 404: {"message": "Unknown Webhook", "code": 10015}
2026-07-26 03:57:39,147 WARNING notifier: Discord rate limited; retrying in 0.30s
2026-07-26 03:57:39,649 ERROR notifier: Discord webhook error HTTP 404: {"message": "Unknown Webhook", "code": 10015}
2026-07-26 03:57:39,733 WARNING notifier: Discord rate limited; retrying in 0.30s
2026-07-26 03:57:40,274 ERROR notifier: Discord webhook error HTTP 404: {"message": "Unknown Webhook", "code": 10015}
2026-07-26 03:57:40,358 ERROR notifier: Discord webhook error HTTP 404: {"message": "Unknown Webhook", "code": 10015}
2026-07-26 03:57:40,448 WARNING notifier: Discord rate limited; retrying in 0.30s
2026-07-26 03:57:40,940 ERROR notifier: Discord webhook error HTTP 404: {"message": "Unknown Webhook", "code": 10015}
2026-07-26 03:57:41,072 ERROR notifier: Discord webhook error HTTP 404: {"message": "Unknown Webhook", "code": 10015}
2026-07-26 03:57:41,152 WARNING notifier: Discord rate limited; retrying in 0.30s
2026-07-26 03:57:41,638 ERROR notifier: Discord webhook error HTTP 404: {"message": "Unknown Webhook", "code": 10015}
2026-07-26 03:57:41,720 WARNING notifier: Discord rate limited; retrying in 0.30s
2026-07-26 03:57:42,206 ERROR notifier: Discord webhook error HTTP 404: {"message": "Unknown Webhook", "code": 10015}
2026-07-26 03:57:42,300 ERROR notifier: Discord webhook error HTTP 404: {"message": "Unknown Webhook", "code": 10015}
2026-07-26 03:57:42,380 WARNING notifier: Discord rate limited; retrying in 0.30s
2026-07-26 03:57:42,864 ERROR notifier: Discord webhook error HTTP 404: {"message": "Unknown Webhook", "code": 10015}
2026-07-26 03:57:42,952 WARNING notifier: Discord rate limited; retrying in 0.30s
2026-07-26 03:57:43,293 WARNING checker: q72: giving up after 5 attempts (HTTP 429)
2026-07-26 03:57:43,434 ERROR notifier: Discord webhook error HTTP 404: {"message": "Unknown Webhook", "code": 10015}
2026-07-26 03:57:43,521 ERROR notifier: Discord webhook error HTTP 404: {"message": "Unknown Webhook", "code": 10015}
2026-07-26 03:57:43,576 WARNING checker: d0g: giving up after 5 attempts (HTTP 429)
2026-07-26 03:57:43,606 WARNING notifier: Discord rate limited; retrying in 0.30s
2026-07-26 03:57:43,698 WARNING checker: 1n3: giving up after 5 attempts (HTTP 429)
2026-07-26 03:57:44,105 ERROR notifier: Discord webhook error HTTP 404: {"message": "Unknown Webhook", "code": 10015}
2026-07-26 03:57:44,189 ERROR notifier: Discord webhook error HTTP 404: {"message": "Unknown Webhook", "code": 10015}
2026-07-26 03:57:44,263 WARNING notifier: Discord rate limited; retrying in 0.30s
2026-07-26 03:57:44,733 ERROR notifier: Discord webhook error HTTP 404: {"message": "Unknown Webhook", "code": 10015}
2026-07-26 03:57:44,812 WARNING notifier: Discord rate limited; retrying in 0.30s
2026-07-26 03:57:45,315 ERROR notifier: Discord webhook error HTTP 404: {"message": "Unknown Webhook", "code": 10015}
2026-07-26 03:57:45,408 ERROR notifier: Discord webhook error HTTP 404: {"message": "Unknown Webhook", "code": 10015}
2026-07-26 03:57:45,492 WARNING notifier: Discord rate limited; retrying in 0.30s
2026-07-26 03:57:45,976 ERROR notifier: Discord webhook error HTTP 404: {"message": "Unknown Webhook", "code": 10015}
2026-07-26 03:57:46,061 WARNING notifier: Discord rate limited; retrying in 0.30s
2026-07-26 03:57:46,550 ERROR notifier: Discord webhook error HTTP 404: {"message": "Unknown Webhook", "code": 10015}
2026-07-26 03:57:46,650 ERROR notifier: Discord webhook error HTTP 404: {"message": "Unknown Webhook", "code": 10015}
2026-07-26 03:57:46,730 WARNING notifier: Discord rate limited; retrying in 0.30s
2026-07-26 03:57:47,218 ERROR notifier: Discord webhook error HTTP 404: {"message": "Unknown Webhook", "code": 10015}
2026-07-26 03:57:47,294 WARNING notifier: Discord rate limited; retrying in 0.30s
2026-07-26 03:57:47,713 INFO main: AVAILABLE: 2ov
2026-07-26 03:57:47,767 ERROR notifier: Discord webhook error HTTP 404: {"message": "Unknown Webhook", "code": 10015}
2026-07-26 03:57:47,873 ERROR notifier: Discord webhook error HTTP 404: {"message": "Unknown Webhook", "code": 10015}
2026-07-26 03:57:47,955 WARNING notifier: Discord rate limited; retrying in 0.30s
2026-07-26 03:57:48,453 ERROR notifier: Discord webhook error HTTP 404: {"message": "Unknown Webhook", "code": 10015}
2026-07-26 03:57:48,540 WARNING notifier: Discord rate limited; retrying in 0.30s
2026-07-26 03:57:49,106 ERROR notifier: Discord webhook error HTTP 404: {"message": "Unknown Webhook", "code": 10015}
2026-07-26 03:57:49,190 ERROR notifier: Discord webhook error HTTP 404: {"message": "Unknown Webhook", "code": 10015}
2026-07-26 03:57:49,273 WARNING notifier: Discord rate limited; retrying in 0.30s
2026-07-26 03:57:49,780 ERROR notifier: Discord webhook error HTTP 404: {"message": "Unknown Webhook", "code": 10015}
2026-07-26 03:57:49,857 ERROR notifier: Discord webhook error HTTP 404: {"message": "Unknown Webhook", "code": 10015}
2026-07-26 03:57:49,937 WARNING notifier: Discord rate limited; retrying in 0.30s
2026-07-26 03:57:50,218 INFO main: AVAILABLE: 1ug
2026-07-26 03:57:50,436 ERROR notifier: Discord webhook error HTTP 404: {"message": "Unknown Webhook", "code": 10015}
2026-07-26 03:57:50,523 WARNING notifier: Discord rate limited; retrying in 0.30s
2026-07-26 03:57:51,006 ERROR notifier: Discord webhook error HTTP 404: {"message": "Unknown Webhook", "code": 10015}
2026-07-26 03:57:51,088 ERROR notifier: Discord webhook error HTTP 404: {"message": "Unknown Webhook", "code": 10015}
2026-07-26 03:57:51,200 WARNING notifier: Discord rate limited; retrying in 0.30s
2026-07-26 03:57:51,692 ERROR notifier: Discord webhook error HTTP 404: {"message": "Unknown Webhook", "code": 10015}
2026-07-26 03:57:51,795 ERROR notifier: Discord webhook error HTTP 404: {"message": "Unknown Webhook", "code": 10015}
2026-07-26 03:57:51,873 WARNING notifier: Discord rate limited; retrying in 0.30s
2026-07-26 03:57:52,346 ERROR notifier: Discord webhook error HTTP 404: {"message": "Unknown Webhook", "code": 10015}
2026-07-26 03:57:52,430 WARNING notifier: Discord rate limited; retrying in 0.30s
2026-07-26 03:57:52,915 ERROR notifier: Discord webhook error HTTP 404: {"message": "Unknown Webhook", "code": 10015}
2026-07-26 03:57:52,995 ERROR notifier: Discord webhook error HTTP 404: {"message": "Unknown Webhook", "code": 10015}
2026-07-26 03:57:53,090 WARNING notifier: Discord rate limited; retrying in 0.30s
2026-07-26 03:57:53,576 ERROR notifier: Discord webhook error HTTP 404: {"message": "Unknown Webhook", "code": 10015}
2026-07-26 03:57:53,660 WARNING notifier: Discord rate limited; retrying in 0.30s
2026-07-26 03:57:54,170 ERROR notifier: Discord webhook error HTTP 404: {"message": "Unknown Webhook", "code": 10015}
2026-07-26 03:57:54,250 ERROR notifier: Discord webhook error HTTP 404: {"message": "Unknown Webhook", "code": 10015}
2026-07-26 03:57:54,326 WARNING notifier: Discord rate limited; retrying in 0.30s
2026-07-26 03:57:54,807 ERROR notifier: Discord webhook error HTTP 404: {"message": "Unknown Webhook", "code": 10015}
2026-07-26 03:57:54,886 WARNING notifier: Discord rate limited; retrying in 0.30s
2026-07-26 03:57:55,387 ERROR notifier: Discord webhook error HTTP 404: {"message": "Unknown Webhook", "code": 10015}
2026-07-26 03:57:55,466 ERROR notifier: Discord webhook error HTTP 404: {"message": "Unknown Webhook", "code": 10015}
2026-07-26 03:57:55,546 WARNING notifier: Discord rate limited; retrying in 0.30s
2026-07-26 03:57:56,033 ERROR notifier: Discord webhook error HTTP 404: {"message": "Unknown Webhook", "code": 10015}
2026-07-26 03:57:56,114 WARNING notifier: Discord rate limited; retrying in 0.30s
2026-07-26 03:57:56,608 ERROR notifier: Discord webhook error HTTP 404: {"message": "Unknown Webhook", "code": 10015}
2026-07-26 03:57:56,710 ERROR notifier: Discord webhook error HTTP 404: {"message": "Unknown Webhook", "code": 10015}
2026-07-26 03:57:56,794 WARNING notifier: Discord rate limited; retrying in 0.30s
2026-07-26 03:57:57,276 ERROR notifier: Discord webhook error HTTP 404: {"message": "Unknown Webhook", "code": 10015}
2026-07-26 03:57:57,355 WARNING notifier: Discord rate limited; retrying in 0.30s
2026-07-26 03:57:57,843 ERROR notifier: Discord webhook error HTTP 404: {"message": "Unknown Webhook", "code": 10015}
2026-07-26 03:57:57,935 ERROR notifier: Discord webhook error HTTP 404: {"message": "Unknown Webhook", "code": 10015}
2026-07-26 03:57:58,012 WARNING notifier: Discord rate limited; retrying in 0.30s
2026-07-26 03:57:58,513 ERROR notifier: Discord webhook error HTTP 404: {"message": "Unknown Webhook", "code": 10015}
2026-07-26 03:57:58,652 ERROR notifier: Discord webhook error HTTP 404: {"message": "Unknown Webhook", "code": 10015}
2026-07-26 03:57:58,736 WARNING notifier: Discord rate limited; retrying in 0.30s
2026-07-26 03:57:59,270 ERROR notifier: Discord webhook error HTTP 404: {"message": "Unknown Webhook", "code": 10015}
2026-07-26 03:57:59,358 WARNING notifier: Discord rate limited; retrying in 0.30s
2026-07-26 03:57:59,848 ERROR notifier: Discord webhook error HTTP 404: {"message": "Unknown Webhook", "code": 10015}
2026-07-26 03:57:59,933 ERROR notifier: Discord webhook error HTTP 404: {"message": "Unknown Webhook", "code": 10015}
2026-07-26 03:58:00,013 WARNING notifier: Discord rate limited; retrying in 0.30s
2026-07-26 03:58:00,480 INFO main: AVAILABLE: 26g
2026-07-26 03:58:00,505 ERROR notifier: Discord webhook error HTTP 404: {"message": "Unknown Webhook", "code": 10015}
2026-07-26 03:58:00,598 ERROR notifier: Discord webhook error HTTP 404: {"message": "Unknown Webhook", "code": 10015}
2026-07-26 03:58:00,673 WARNING notifier: Discord rate limited; retrying in 0.30s
2026-07-26 03:58:01,170 ERROR notifier: Discord webhook error HTTP 404: {"message": "Unknown Webhook", "code": 10015}
2026-07-26 03:58:01,261 WARNING notifier: Discord rate limited; retrying in 0.30s
2026-07-26 03:58:01,755 ERROR notifier: Discord webhook error HTTP 404: {"message": "Unknown Webhook", "code": 10015}
2026-07-26 03:58:01,860 ERROR notifier: Discord webhook error HTTP 404: {"message": "Unknown Webhook", "code": 10015}
2026-07-26 03:58:01,951 WARNING notifier: Discord rate limited; retrying in 0.30s
2026-07-26 03:58:02,434 ERROR notifier: Discord webhook error HTTP 404: {"message": "Unknown Webhook", "code": 10015}
2026-07-26 03:58:02,517 WARNING notifier: Discord rate limited; retrying in 0.30s
2026-07-26 03:58:03,001 ERROR notifier: Discord webhook error HTTP 404: {"message": "Unknown Webhook", "code": 10015}
2026-07-26 03:58:03,082 ERROR notifier: Discord webhook error HTTP 404: {"message": "Unknown Webhook", "code": 10015}
2026-07-26 03:58:03,160 WARNING notifier: Discord rate limited; retrying in 0.30s
2026-07-26 03:58:03,645 ERROR notifier: Discord webhook error HTTP 404: {"message": "Unknown Webhook", "code": 10015}
2026-07-26 03:58:03,722 WARNING notifier: Discord rate limited; retrying in 0.30s
2026-07-26 03:58:04,228 ERROR notifier: Discord webhook error HTTP 404: {"message": "Unknown Webhook", "code": 10015}
2026-07-26 03:58:04,317 ERROR notifier: Discord webhook error HTTP 404: {"message": "Unknown Webhook", "code": 10015}
2026-07-26 03:58:04,397 WARNING notifier: Discord rate limited; retrying in 0.30s
2026-07-26 03:58:04,891 ERROR notifier: Discord webhook error HTTP 404: {"message": "Unknown Webhook", "code": 10015}
2026-07-26 03:58:05,006 ERROR notifier: Discord webhook error HTTP 404: {"message": "Unknown Webhook", "code": 10015}
2026-07-26 03:58:05,094 WARNING notifier: Discord rate limited; retrying in 0.30s
2026-07-26 03:58:05,578 ERROR notifier: Discord webhook error HTTP 404: {"message": "Unknown Webhook", "code": 10015}
2026-07-26 03:58:05,593 INFO main: AVAILABLE: z59
2026-07-26 03:58:05,658 WARNING notifier: Discord rate limited; retrying in 0.30s
2026-07-26 03:58:06,140 ERROR notifier: Discord webhook error HTTP 404: {"message": "Unknown Webhook", "code": 10015}
2026-07-26 03:58:06,222 ERROR notifier: Discord webhook error HTTP 404: {"message": "Unknown Webhook", "code": 10015}
2026-07-26 03:58:06,314 WARNING notifier: Discord rate limited; retrying in 0.30s
2026-07-26 03:58:06,813 ERROR notifier: Discord webhook error HTTP 404: {"message": "Unknown Webhook", "code": 10015}
2026-07-26 03:58:06,904 WARNING notifier: Discord rate limited; retrying in 0.30s
2026-07-26 03:58:07,408 ERROR notifier: Discord webhook error HTTP 404: {"message": "Unknown Webhook", "code": 10015}
2026-07-26 03:58:07,502 ERROR notifier: Discord webhook error HTTP 404: {"message": "Unknown Webhook", "code": 10015}
2026-07-26 03:58:07,580 WARNING notifier: Discord rate limited; retrying in 0.30s
2026-07-26 03:58:08,064 ERROR notifier: Discord webhook error HTTP 404: {"message": "Unknown Webhook", "code": 10015}
2026-07-26 03:58:08,146 WARNING notifier: Discord rate limited; retrying in 0.30s
2026-07-26 03:58:08,640 ERROR notifier: Discord webhook error HTTP 404: {"message": "Unknown Webhook", "code": 10015}
2026-07-26 03:58:08,716 ERROR notifier: Discord webhook error HTTP 404: {"message": "Unknown Webhook", "code": 10015}
2026-07-26 03:58:08,794 WARNING notifier: Discord rate limited; retrying in 0.30s
2026-07-26 03:58:09,268 ERROR notifier: Discord webhook error HTTP 404: {"message": "Unknown Webhook", "code": 10015}
2026-07-26 03:58:09,345 WARNING notifier: Discord rate limited; retrying in 0.30s
2026-07-26 03:58:09,499 INFO main: AVAILABLE: 6o8
2026-07-26 03:58:09,833 ERROR notifier: Discord webhook error HTTP 404: {"message": "Unknown Webhook", "code": 10015}
2026-07-26 03:58:09,912 ERROR notifier: Discord webhook error HTTP 404: {"message": "Unknown Webhook", "code": 10015}
2026-07-26 03:58:10,002 WARNING notifier: Discord rate limited; retrying in 0.30s
2026-07-26 03:58:10,474 ERROR notifier: Discord webhook error HTTP 404: {"message": "Unknown Webhook", "code": 10015}
2026-07-26 03:58:10,573 ERROR notifier: Discord webhook error HTTP 404: {"message": "Unknown Webhook", "code": 10015}
2026-07-26 03:58:10,678 WARNING notifier: Discord rate limited; retrying in 0.30s
2026-07-26 03:58:11,173 ERROR notifier: Discord webhook error HTTP 404: {"message": "Unknown Webhook", "code": 10015}
2026-07-26 03:58:11,258 WARNING notifier: Discord rate limited; retrying in 0.30s
2026-07-26 03:58:11,748 ERROR notifier: Discord webhook error HTTP 404: {"message": "Unknown Webhook", "code": 10015}
2026-07-26 03:58:11,833 ERROR notifier: Discord webhook error HTTP 404: {"message": "Unknown Webhook", "code": 10015}
2026-07-26 03:58:11,915 WARNING notifier: Discord rate limited; retrying in 0.30s
2026-07-26 03:58:12,412 ERROR notifier: Discord webhook error HTTP 404: {"message": "Unknown Webhook", "code": 10015}
2026-07-26 03:58:12,418 INFO main: AVAILABLE: 6t4
2026-07-26 03:58:12,494 WARNING notifier: Discord rate limited; retrying in 0.30s
2026-07-26 03:58:12,695 INFO main: AVAILABLE: l0b
2026-07-26 03:58:12,981 ERROR notifier: Discord webhook error HTTP 404: {"message": "Unknown Webhook", "code": 10015}
2026-07-26 03:58:13,083 ERROR notifier: Discord webhook error HTTP 404: {"message": "Unknown Webhook", "code": 10015}
2026-07-26 03:58:13,170 WARNING notifier: Discord rate limited; retrying in 0.30s
2026-07-26 03:58:13,664 ERROR notifier: Discord webhook error HTTP 404: {"message": "Unknown Webhook", "code": 10015}
2026-07-26 03:58:13,742 WARNING notifier: Discord rate limited; retrying in 0.30s
2026-07-26 03:58:14,251 ERROR notifier: Discord webhook error HTTP 404: {"message": "Unknown Webhook", "code": 10015}
2026-07-26 03:58:14,336 ERROR notifier: Discord webhook error HTTP 404: {"message": "Unknown Webhook", "code": 10015}
2026-07-26 03:58:14,430 WARNING notifier: Discord rate limited; retrying in 0.30s
2026-07-26 03:58:14,860 INFO main: AVAILABLE: 86i
2026-07-26 03:58:14,915 ERROR notifier: Discord webhook error HTTP 404: {"message": "Unknown Webhook", "code": 10015}
2026-07-26 03:58:15,003 ERROR notifier: Discord webhook error HTTP 404: {"message": "Unknown Webhook", "code": 10015}
2026-07-26 03:58:15,094 WARNING notifier: Discord rate limited; retrying in 0.30s
2026-07-26 03:58:15,573 ERROR notifier: Discord webhook error HTTP 404: {"message": "Unknown Webhook", "code": 10015}
2026-07-26 03:58:15,648 WARNING notifier: Discord rate limited; retrying in 0.30s
2026-07-26 03:58:16,144 ERROR notifier: Discord webhook error HTTP 404: {"message": "Unknown Webhook", "code": 10015}
2026-07-26 03:58:16,230 ERROR notifier: Discord webhook error HTTP 404: {"message": "Unknown Webhook", "code": 10015}
2026-07-26 03:58:16,247 INFO main: AVAILABLE: e58
2026-07-26 03:58:16,313 WARNING notifier: Discord rate limited; retrying in 0.30s
2026-07-26 03:58:16,786 ERROR notifier: Discord webhook error HTTP 404: {"message": "Unknown Webhook", "code": 10015}
2026-07-26 03:58:16,878 WARNING notifier: Discord rate limited; retrying in 0.30s
2026-07-26 03:58:17,380 ERROR notifier: Discord webhook error HTTP 404: {"message": "Unknown Webhook", "code": 10015}
2026-07-26 03:58:17,463 ERROR notifier: Discord webhook error HTTP 404: {"message": "Unknown Webhook", "code": 10015}
2026-07-26 03:58:17,548 WARNING notifier: Discord rate limited; retrying in 0.30s
2026-07-26 03:58:18,028 ERROR notifier: Discord webhook error HTTP 404: {"message": "Unknown Webhook", "code": 10015}
2026-07-26 03:58:18,100 WARNING notifier: Discord rate limited; retrying in 0.30s
2026-07-26 03:58:18,597 ERROR notifier: Discord webhook error HTTP 404: {"message": "Unknown Webhook", "code": 10015}
2026-07-26 03:58:18,690 ERROR notifier: Discord webhook error HTTP 404: {"message": "Unknown Webhook", "code": 10015}
2026-07-26 03:58:18,780 WARNING notifier: Discord rate limited; retrying in 0.30s
2026-07-26 03:58:19,260 ERROR notifier: Discord webhook error HTTP 404: {"message": "Unknown Webhook", "code": 10015}
2026-07-26 03:58:19,335 WARNING notifier: Discord rate limited; retrying in 0.30s
2026-07-26 03:58:19,827 ERROR notifier: Discord webhook error HTTP 404: {"message": "Unknown Webhook", "code": 10015}
2026-07-26 03:58:19,905 ERROR notifier: Discord webhook error HTTP 404: {"message": "Unknown Webhook", "code": 10015}
2026-07-26 03:58:19,990 WARNING notifier: Discord rate limited; retrying in 0.30s
2026-07-26 03:58:20,496 ERROR notifier: Discord webhook error HTTP 404: {"message": "Unknown Webhook", "code": 10015}
2026-07-26 03:58:20,589 ERROR notifier: Discord webhook error HTTP 404: {"message": "Unknown Webhook", "code": 10015}
2026-07-26 03:58:20,670 WARNING notifier: Discord rate limited; retrying in 0.30s
2026-07-26 03:58:21,157 ERROR notifier: Discord webhook error HTTP 404: {"message": "Unknown Webhook", "code": 10015}
2026-07-26 03:58:21,243 WARNING notifier: Discord rate limited; retrying in 0.30s
2026-07-26 03:58:21,747 ERROR notifier: Discord webhook error HTTP 404: {"message": "Unknown Webhook", "code": 10015}
2026-07-26 03:58:21,828 ERROR notifier: Discord webhook error HTTP 404: {"message": "Unknown Webhook", "code": 10015}
2026-07-26 03:58:21,918 WARNING notifier: Discord rate limited; retrying in 0.30s
2026-07-26 03:58:22,401 ERROR notifier: Discord webhook error HTTP 404: {"message": "Unknown Webhook", "code": 10015}
2026-07-26 03:58:22,478 WARNING notifier: Discord rate limited; retrying in 0.30s
2026-07-26 03:58:23,007 ERROR notifier: Discord webhook error HTTP 404: {"message": "Unknown Webhook", "code": 10015}
2026-07-26 03:58:23,095 ERROR notifier: Discord webhook error HTTP 404: {"message": "Unknown Webhook", "code": 10015}
2026-07-26 03:58:23,173 WARNING notifier: Discord rate limited; retrying in 0.30s
2026-07-26 03:58:23,668 ERROR notifier: Discord webhook error HTTP 404: {"message": "Unknown Webhook", "code": 10015}
2026-07-26 03:58:23,742 WARNING notifier: Discord rate limited; retrying in 0.30s
2026-07-26 03:58:24,247 ERROR notifier: Discord webhook error HTTP 404: {"message": "Unknown Webhook", "code": 10015}
2026-07-26 03:58:24,336 ERROR notifier: Discord webhook error HTTP 404: {"message": "Unknown Webhook", "code": 10015}
2026-07-26 03:58:24,426 WARNING notifier: Discord rate limited; retrying in 0.30s
2026-07-26 03:58:24,918 ERROR notifier: Discord webhook error HTTP 404: {"message": "Unknown Webhook", "code": 10015}
2026-07-26 03:58:24,999 ERROR notifier: Discord webhook error HTTP 404: {"message": "Unknown Webhook", "code": 10015}
2026-07-26 03:58:25,076 WARNING notifier: Discord rate limited; retrying in 0.30s
2026-07-26 03:58:25,584 ERROR notifier: Discord webhook error HTTP 404: {"message": "Unknown Webhook", "code": 10015}
2026-07-26 03:58:25,698 WARNING notifier: Discord rate limited; retrying in 0.30s
2026-07-26 03:58:26,192 ERROR notifier: Discord webhook error HTTP 404: {"message": "Unknown Webhook", "code": 10015}
2026-07-26 03:58:26,277 ERROR notifier: Discord webhook error HTTP 404: {"message": "Unknown Webhook", "code": 10015}
2026-07-26 03:58:26,354 WARNING notifier: Discord rate limited; retrying in 0.30s
2026-07-26 03:58:26,869 ERROR notifier: Discord webhook error HTTP 404: {"message": "Unknown Webhook", "code": 10015}
2026-07-26 03:58:26,944 WARNING notifier: Discord rate limited; retrying in 0.30s
2026-07-26 03:58:27,433 ERROR notifier: Discord webhook error HTTP 404: {"message": "Unknown Webhook", "code": 10015}
2026-07-26 03:58:27,514 ERROR notifier: Discord webhook error HTTP 404: {"message": "Unknown Webhook", "code": 10015}
2026-07-26 03:58:27,591 WARNING notifier: Discord rate limited; retrying in 0.30s
2026-07-26 03:58:28,081 ERROR notifier: Discord webhook error HTTP 404: {"message": "Unknown Webhook", "code": 10015}
2026-07-26 03:58:28,175 ERROR notifier: Discord webhook error HTTP 404: {"message": "Unknown Webhook", "code": 10015}
2026-07-26 03:58:28,254 WARNING notifier: Discord rate limited; retrying in 0.31s
2026-07-26 03:58:28,762 ERROR notifier: Discord webhook error HTTP 404: {"message": "Unknown Webhook", "code": 10015}
2026-07-26 03:58:28,845 WARNING notifier: Discord rate limited; retrying in 0.30s
2026-07-26 03:58:29,346 ERROR notifier: Discord webhook error HTTP 404: {"message": "Unknown Webhook", "code": 10015}
2026-07-26 03:58:29,435 ERROR notifier: Discord webhook error HTTP 404: {"message": "Unknown Webhook", "code": 10015}
2026-07-26 03:58:29,514 WARNING notifier: Discord rate limited; retrying in 0.30s
2026-07-26 03:58:30,012 ERROR notifier: Discord webhook error HTTP 404: {"message": "Unknown Webhook", "code": 10015}
2026-07-26 03:58:30,106 WARNING notifier: Discord rate limited; retrying in 0.30s
2026-07-26 03:58:30,588 ERROR notifier: Discord webhook error HTTP 404: {"message": "Unknown Webhook", "code": 10015}
2026-07-26 03:58:30,728 ERROR notifier: Discord webhook error HTTP 404: {"message": "Unknown Webhook", "code": 10015}
2026-07-26 03:58:30,810 WARNING notifier: Discord rate limited; retrying in 0.30s
2026-07-26 03:58:31,292 ERROR notifier: Discord webhook error HTTP 404: {"message": "Unknown Webhook", "code": 10015}
2026-07-26 03:58:31,386 ERROR notifier: Discord webhook error HTTP 404: {"message": "Unknown Webhook", "code": 10015}
2026-07-26 03:58:31,462 WARNING notifier: Discord rate limited; retrying in 0.30s
2026-07-26 03:58:31,947 ERROR notifier: Discord webhook error HTTP 404: {"message": "Unknown Webhook", "code": 10015}
2026-07-26 03:58:32,023 WARNING notifier: Discord rate limited; retrying in 0.30s
2026-07-26 03:58:32,522 ERROR notifier: Discord webhook error HTTP 404: {"message": "Unknown Webhook", "code": 10015}
2026-07-26 03:58:32,645 ERROR notifier: Discord webhook error HTTP 404: {"message": "Unknown Webhook", "code": 10015}
2026-07-26 03:58:32,740 WARNING notifier: Discord rate limited; retrying in 0.30s
2026-07-26 03:58:33,247 ERROR notifier: Discord webhook error HTTP 404: {"message": "Unknown Webhook", "code": 10015}
2026-07-26 03:58:33,321 WARNING notifier: Discord rate limited; retrying in 0.30s
2026-07-26 03:58:33,814 ERROR notifier: Discord webhook error HTTP 404: {"message": "Unknown Webhook", "code": 10015}
2026-07-26 03:58:33,896 ERROR notifier: Discord webhook error HTTP 404: {"message": "Unknown Webhook", "code": 10015}
2026-07-26 03:58:34,006 WARNING notifier: Discord rate limited; retrying in 0.30s
2026-07-26 03:58:34,499 ERROR notifier: Discord webhook error HTTP 404: {"message": "Unknown Webhook", "code": 10015}
2026-07-26 03:58:34,591 ERROR notifier: Discord webhook error HTTP 404: {"message": "Unknown Webhook", "code": 10015}
2026-07-26 03:58:34,666 WARNING notifier: Discord rate limited; retrying in 0.30s
2026-07-26 03:58:35,173 ERROR notifier: Discord webhook error HTTP 404: {"message": "Unknown Webhook", "code": 10015}
2026-07-26 03:58:35,179 WARNING checker: 7ho: giving up after 5 attempts (HTTP 429)
2026-07-26 03:58:35,265 WARNING notifier: Discord rate limited; retrying in 0.30s
2026-07-26 03:58:35,764 ERROR notifier: Discord webhook error HTTP 404: {"message": "Unknown Webhook", "code": 10015}
2026-07-26 03:58:35,848 ERROR notifier: Discord webhook error HTTP 404: {"message": "Unknown Webhook", "code": 10015}
2026-07-26 03:58:35,925 WARNING notifier: Discord rate limited; retrying in 0.30s
2026-07-26 03:58:36,350 WARNING checker: o9f: giving up after 5 attempts (HTTP 429)
2026-07-26 03:58:36,414 ERROR notifier: Discord webhook error HTTP 404: {"message": "Unknown Webhook", "code": 10015}
2026-07-26 03:58:36,494 WARNING notifier: Discord rate limited; retrying in 0.30s
2026-07-26 03:58:36,635 WARNING checker: jrk: giving up after 5 attempts (HTTP 429)
2026-07-26 03:58:36,995 ERROR notifier: Discord webhook error HTTP 404: {"message": "Unknown Webhook", "code": 10015}
2026-07-26 03:58:37,074 ERROR notifier: Discord webhook error HTTP 404: {"message": "Unknown Webhook", "code": 10015}
2026-07-26 03:58:37,152 WARNING notifier: Discord rate limited; retrying in 0.30s
2026-07-26 03:58:37,624 ERROR notifier: Discord webhook error HTTP 404: {"message": "Unknown Webhook", "code": 10015}
2026-07-26 03:58:37,705 WARNING notifier: Discord rate limited; retrying in 0.30s
2026-07-26 03:58:38,217 ERROR notifier: Discord webhook error HTTP 404: {"message": "Unknown Webhook", "code": 10015}
2026-07-26 03:58:38,300 ERROR notifier: Discord webhook error HTTP 404: {"message": "Unknown Webhook", "code": 10015}
2026-07-26 03:58:38,382 WARNING notifier: Discord rate limited; retrying in 0.30s
2026-07-26 03:58:38,879 ERROR notifier: Discord webhook error HTTP 404: {"message": "Unknown Webhook", "code": 10015}
2026-07-26 03:58:38,961 WARNING notifier: Discord rate limited; retrying in 0.30s
2026-07-26 03:58:39,523 ERROR notifier: Discord webhook error HTTP 404: {"message": "Unknown Webhook", "code": 10015}
2026-07-26 03:58:39,637 ERROR notifier: Discord webhook error HTTP 404: {"message": "Unknown Webhook", "code": 10015}
2026-07-26 03:58:39,720 WARNING notifier: Discord rate limited; retrying in 0.30s
2026-07-26 03:58:40,196 ERROR notifier: Discord webhook error HTTP 404: {"message": "Unknown Webhook", "code": 10015}
2026-07-26 03:58:40,278 ERROR notifier: Discord webhook error HTTP 404: {"message": "Unknown Webhook", "code": 10015}
2026-07-26 03:58:40,362 WARNING notifier: Discord rate limited; retrying in 0.30s
2026-07-26 03:58:40,864 ERROR notifier: Discord webhook error HTTP 404: {"message": "Unknown Webhook", "code": 10015}
2026-07-26 03:58:40,950 WARNING notifier: Discord rate limited; retrying in 0.30s
2026-07-26 03:58:41,456 ERROR notifier: Discord webhook error HTTP 404: {"message": "Unknown Webhook", "code": 10015}
2026-07-26 03:58:41,540 ERROR notifier: Discord webhook error HTTP 404: {"message": "Unknown Webhook", "code": 10015}
2026-07-26 03:58:41,627 WARNING notifier: Discord rate limited; retrying in 0.30s
2026-07-26 03:58:42,123 ERROR notifier: Discord webhook error HTTP 404: {"message": "Unknown Webhook", "code": 10015}
2026-07-26 03:58:42,211 ERROR notifier: Discord webhook error HTTP 404: {"message": "Unknown Webhook", "code": 10015}
2026-07-26 03:58:42,290 WARNING notifier: Discord rate limited; retrying in 0.30s
2026-07-26 03:58:42,794 ERROR notifier: Discord webhook error HTTP 404: {"message": "Unknown Webhook", "code": 10015}
2026-07-26 03:58:42,810 WARNING checker: hti: giving up after 5 attempts (HTTP 429)
2026-07-26 03:58:42,911 WARNING notifier: Discord rate limited; retrying in 0.30s
2026-07-26 03:58:43,404 WARNING checker: 8sh: giving up after 5 attempts (HTTP 429)
2026-07-26 03:58:43,404 WARNING checker: 6ea: giving up after 5 attempts (HTTP 429)
2026-07-26 03:58:43,407 ERROR notifier: Discord webhook error HTTP 404: {"message": "Unknown Webhook", "code": 10015}
2026-07-26 03:58:43,488 ERROR notifier: Discord webhook error HTTP 404: {"message": "Unknown Webhook", "code": 10015}
2026-07-26 03:58:43,567 WARNING notifier: Discord rate limited; retrying in 0.30s
2026-07-26 03:58:44,044 ERROR notifier: Discord webhook error HTTP 404: {"message": "Unknown Webhook", "code": 10015}
2026-07-26 03:58:44,125 WARNING notifier: Discord rate limited; retrying in 0.30s
2026-07-26 03:58:44,630 ERROR notifier: Discord webhook error HTTP 404: {"message": "Unknown Webhook", "code": 10015}
2026-07-26 03:58:44,713 ERROR notifier: Discord webhook error HTTP 404: {"message": "Unknown Webhook", "code": 10015}
2026-07-26 03:58:44,791 WARNING notifier: Discord rate limited; retrying in 0.30s
2026-07-26 03:58:45,289 ERROR notifier: Discord webhook error HTTP 404: {"message": "Unknown Webhook", "code": 10015}
2026-07-26 03:58:45,382 ERROR notifier: Discord webhook error HTTP 404: {"message": "Unknown Webhook", "code": 10015}
2026-07-26 03:58:45,470 WARNING notifier: Discord rate limited; retrying in 0.30s
2026-07-26 03:58:45,950 ERROR notifier: Discord webhook error HTTP 404: {"message": "Unknown Webhook", "code": 10015}
2026-07-26 03:58:46,030 WARNING notifier: Discord rate limited; retrying in 0.30s
2026-07-26 03:58:46,530 ERROR notifier: Discord webhook error HTTP 404: {"message": "Unknown Webhook", "code": 10015}
2026-07-26 03:58:46,628 ERROR notifier: Discord webhook error HTTP 404: {"message": "Unknown Webhook", "code": 10015}
2026-07-26 03:58:46,715 WARNING notifier: Discord rate limited; retrying in 0.30s
2026-07-26 03:58:47,192 INFO main: AVAILABLE: 8va
2026-07-26 03:58:47,216 ERROR notifier: Discord webhook error HTTP 404: {"message": "Unknown Webhook", "code": 10015}
2026-07-26 03:58:47,298 WARNING notifier: Discord rate limited; retrying in 0.30s
2026-07-26 03:58:47,774 ERROR notifier: Discord webhook error HTTP 404: {"message": "Unknown Webhook", "code": 10015}
2026-07-26 03:58:47,864 ERROR notifier: Discord webhook error HTTP 404: {"message": "Unknown Webhook", "code": 10015}
2026-07-26 03:58:47,952 WARNING notifier: Discord rate limited; retrying in 0.30s
2026-07-26 03:58:48,505 ERROR notifier: Discord webhook error HTTP 404: {"message": "Unknown Webhook", "code": 10015}
2026-07-26 03:58:48,608 ERROR notifier: Discord webhook error HTTP 404: {"message": "Unknown Webhook", "code": 10015}
2026-07-26 03:58:48,692 WARNING notifier: Discord rate limited; retrying in 0.30s
2026-07-26 03:58:49,182 ERROR notifier: Discord webhook error HTTP 404: {"message": "Unknown Webhook", "code": 10015}
2026-07-26 03:58:49,262 WARNING notifier: Discord rate limited; retrying in 0.30s
2026-07-26 03:58:49,746 ERROR notifier: Discord webhook error HTTP 404: {"message": "Unknown Webhook", "code": 10015}
2026-07-26 03:58:49,838 ERROR notifier: Discord webhook error HTTP 404: {"message": "Unknown Webhook", "code": 10015}
2026-07-26 03:58:49,948 WARNING notifier: Discord rate limited; retrying in 0.30s
2026-07-26 03:58:50,428 ERROR notifier: Discord webhook error HTTP 404: {"message": "Unknown Webhook", "code": 10015}
2026-07-26 03:58:50,515 WARNING notifier: Discord rate limited; retrying in 0.30s
2026-07-26 03:58:50,994 ERROR notifier: Discord webhook error HTTP 404: {"message": "Unknown Webhook", "code": 10015}
2026-07-26 03:58:51,111 ERROR notifier: Discord webhook error HTTP 404: {"message": "Unknown Webhook", "code": 10015}
2026-07-26 03:58:51,144 INFO main: AVAILABLE: ul5
2026-07-26 03:58:51,188 WARNING notifier: Discord rate limited; retrying in 0.30s
2026-07-26 03:58:51,707 ERROR notifier: Discord webhook error HTTP 404: {"message": "Unknown Webhook", "code": 10015}
2026-07-26 03:58:51,796 ERROR notifier: Discord webhook error HTTP 404: {"message": "Unknown Webhook", "code": 10015}
2026-07-26 03:58:51,898 WARNING notifier: Discord rate limited; retrying in 0.30s
2026-07-26 03:58:52,391 ERROR notifier: Discord webhook error HTTP 404: {"message": "Unknown Webhook", "code": 10015}
2026-07-26 03:58:52,404 INFO main: AVAILABLE: xw4
2026-07-26 03:58:52,475 WARNING notifier: Discord rate limited; retrying in 0.30s
2026-07-26 03:58:52,590 INFO main: AVAILABLE: w5l
2026-07-26 03:58:52,967 ERROR notifier: Discord webhook error HTTP 404: {"message": "Unknown Webhook", "code": 10015}
2026-07-26 03:58:53,049 ERROR notifier: Discord webhook error HTTP 404: {"message": "Unknown Webhook", "code": 10015}
2026-07-26 03:58:53,145 WARNING notifier: Discord rate limited; retrying in 0.30s
2026-07-26 03:58:53,686 ERROR notifier: Discord webhook error HTTP 404: {"message": "Unknown Webhook", "code": 10015}
2026-07-26 03:58:53,776 ERROR notifier: Discord webhook error HTTP 404: {"message": "Unknown Webhook", "code": 10015}
2026-07-26 03:58:53,857 WARNING notifier: Discord rate limited; retrying in 0.30s
2026-07-26 03:58:54,343 ERROR notifier: Discord webhook error HTTP 404: {"message": "Unknown Webhook", "code": 10015}
2026-07-26 03:58:54,448 WARNING notifier: Discord rate limited; retrying in 0.30s
2026-07-26 03:58:54,942 ERROR notifier: Discord webhook error HTTP 404: {"message": "Unknown Webhook", "code": 10015}
2026-07-26 03:58:55,135 ERROR notifier: Discord webhook error HTTP 404: {"message": "Unknown Webhook", "code": 10015}
2026-07-26 03:58:55,220 WARNING notifier: Discord rate limited; retrying in 0.30s
2026-07-26 03:58:55,739 ERROR notifier: Discord webhook error HTTP 404: {"message": "Unknown Webhook", "code": 10015}
2026-07-26 03:58:55,827 ERROR notifier: Discord webhook error HTTP 404: {"message": "Unknown Webhook", "code": 10015}
2026-07-26 03:58:55,904 WARNING notifier: Discord rate limited; retrying in 0.30s
2026-07-26 03:58:56,335 INFO main: AVAILABLE: 8s4
2026-07-26 03:58:56,391 ERROR notifier: Discord webhook error HTTP 404: {"message": "Unknown Webhook", "code": 10015}
2026-07-26 03:58:56,470 WARNING notifier: Discord rate limited; retrying in 0.30s
2026-07-26 03:58:56,958 ERROR notifier: Discord webhook error HTTP 404: {"message": "Unknown Webhook", "code": 10015}
2026-07-26 03:58:57,045 ERROR notifier: Discord webhook error HTTP 404: {"message": "Unknown Webhook", "code": 10015}
2026-07-26 03:58:57,124 WARNING notifier: Discord rate limited; retrying in 0.30s
2026-07-26 03:58:57,607 ERROR notifier: Discord webhook error HTTP 404: {"message": "Unknown Webhook", "code": 10015}
2026-07-26 03:58:57,683 WARNING notifier: Discord rate limited; retrying in 0.30s
2026-07-26 03:58:58,173 ERROR notifier: Discord webhook error HTTP 404: {"message": "Unknown Webhook", "code": 10015}
2026-07-26 03:58:58,303 ERROR notifier: Discord webhook error HTTP 404: {"message": "Unknown Webhook", "code": 10015}
2026-07-26 03:58:58,383 WARNING notifier: Discord rate limited; retrying in 0.30s
2026-07-26 03:58:58,873 ERROR notifier: Discord webhook error HTTP 404: {"message": "Unknown Webhook", "code": 10015}
2026-07-26 03:58:58,947 WARNING notifier: Discord rate limited; retrying in 0.30s
2026-07-26 03:58:59,423 ERROR notifier: Discord webhook error HTTP 404: {"message": "Unknown Webhook", "code": 10015}
2026-07-26 03:58:59,502 ERROR notifier: Discord webhook error HTTP 404: {"message": "Unknown Webhook", "code": 10015}
2026-07-26 03:58:59,588 WARNING notifier: Discord rate limited; retrying in 0.30s
2026-07-26 03:59:00,077 ERROR notifier: Discord webhook error HTTP 404: {"message": "Unknown Webhook", "code": 10015}
2026-07-26 03:59:00,151 WARNING notifier: Discord rate limited; retrying in 0.30s
2026-07-26 03:59:00,644 ERROR notifier: Discord webhook error HTTP 404: {"message": "Unknown Webhook", "code": 10015}
2026-07-26 03:59:00,737 ERROR notifier: Discord webhook error HTTP 404: {"message": "Unknown Webhook", "code": 10015}
2026-07-26 03:59:00,838 WARNING notifier: Discord rate limited; retrying in 0.30s
2026-07-26 03:59:01,323 ERROR notifier: Discord webhook error HTTP 404: {"message": "Unknown Webhook", "code": 10015}
2026-07-26 03:59:01,415 ERROR notifier: Discord webhook error HTTP 404: {"message": "Unknown Webhook", "code": 10015}
2026-07-26 03:59:01,498 WARNING notifier: Discord rate limited; retrying in 0.30s
2026-07-26 03:59:01,979 ERROR notifier: Discord webhook error HTTP 404: {"message": "Unknown Webhook", "code": 10015}
2026-07-26 03:59:02,056 WARNING notifier: Discord rate limited; retrying in 0.30s
2026-07-26 03:59:02,558 ERROR notifier: Discord webhook error HTTP 404: {"message": "Unknown Webhook", "code": 10015}
2026-07-26 03:59:02,645 ERROR notifier: Discord webhook error HTTP 404: {"message": "Unknown Webhook", "code": 10015}
2026-07-26 03:59:02,734 WARNING notifier: Discord rate limited; retrying in 0.30s
2026-07-26 03:59:03,215 ERROR notifier: Discord webhook error HTTP 404: {"message": "Unknown Webhook", "code": 10015}
2026-07-26 03:59:03,298 WARNING notifier: Discord rate limited; retrying in 0.30s
2026-07-26 03:59:03,773 ERROR notifier: Discord webhook error HTTP 404: {"message": "Unknown Webhook", "code": 10015}
2026-07-26 03:59:03,858 ERROR notifier: Discord webhook error HTTP 404: {"message": "Unknown Webhook", "code": 10015}
2026-07-26 03:59:03,904 INFO main: AVAILABLE: 3q8
2026-07-26 03:59:03,935 WARNING notifier: Discord rate limited; retrying in 0.30s
2026-07-26 03:59:04,442 ERROR notifier: Discord webhook error HTTP 404: {"message": "Unknown Webhook", "code": 10015}
2026-07-26 03:59:04,521 WARNING notifier: Discord rate limited; retrying in 0.30s
2026-07-26 03:59:05,093 INFO main: AVAILABLE: 08j
2026-07-26 03:59:05,106 ERROR notifier: Discord webhook error HTTP 404: {"message": "Unknown Webhook", "code": 10015}
2026-07-26 03:59:05,189 ERROR notifier: Discord webhook error HTTP 404: {"message": "Unknown Webhook", "code": 10015}
2026-07-26 03:59:05,275 WARNING notifier: Discord rate limited; retrying in 0.30s
2026-07-26 03:59:05,766 ERROR notifier: Discord webhook error HTTP 404: {"message": "Unknown Webhook", "code": 10015}
2026-07-26 03:59:05,844 ERROR notifier: Discord webhook error HTTP 404: {"message": "Unknown Webhook", "code": 10015}
2026-07-26 03:59:05,929 WARNING notifier: Discord rate limited; retrying in 0.30s
2026-07-26 03:59:06,411 ERROR notifier: Discord webhook error HTTP 404: {"message": "Unknown Webhook", "code": 10015}
2026-07-26 03:59:06,490 WARNING notifier: Discord rate limited; retrying in 0.30s
2026-07-26 03:59:06,983 ERROR notifier: Discord webhook error HTTP 404: {"message": "Unknown Webhook", "code": 10015}
2026-07-26 03:59:07,071 ERROR notifier: Discord webhook error HTTP 404: {"message": "Unknown Webhook", "code": 10015}
2026-07-26 03:59:07,148 WARNING notifier: Discord rate limited; retrying in 0.30s
2026-07-26 03:59:07,614 INFO main: AVAILABLE: 2c0
2026-07-26 03:59:07,648 ERROR notifier: Discord webhook error HTTP 404: {"message": "Unknown Webhook", "code": 10015}
2026-07-26 03:59:07,708 INFO main: AVAILABLE: 6qe
2026-07-26 03:59:07,733 WARNING notifier: Discord rate limited; retrying in 0.30s
2026-07-26 03:59:08,203 ERROR notifier: Discord webhook error HTTP 404: {"message": "Unknown Webhook", "code": 10015}
2026-07-26 03:59:08,294 ERROR notifier: Discord webhook error HTTP 404: {"message": "Unknown Webhook", "code": 10015}
2026-07-26 03:59:08,369 WARNING notifier: Discord rate limited; retrying in 0.30s
2026-07-26 03:59:08,865 ERROR notifier: Discord webhook error HTTP 404: {"message": "Unknown Webhook", "code": 10015}
2026-07-26 03:59:08,951 WARNING notifier: Discord rate limited; retrying in 0.30s
2026-07-26 03:59:09,020 INFO main: AVAILABLE: 9no
2026-07-26 03:59:09,456 ERROR notifier: Discord webhook error HTTP 404: {"message": "Unknown Webhook", "code": 10015}
2026-07-26 03:59:09,566 ERROR notifier: Discord webhook error HTTP 404: {"message": "Unknown Webhook", "code": 10015}
2026-07-26 03:59:09,670 WARNING notifier: Discord rate limited; retrying in 0.30s
2026-07-26 03:59:10,197 ERROR notifier: Discord webhook error HTTP 404: {"message": "Unknown Webhook", "code": 10015}
2026-07-26 03:59:10,304 ERROR notifier: Discord webhook error HTTP 404: {"message": "Unknown Webhook", "code": 10015}
2026-07-26 03:59:10,407 WARNING notifier: Discord rate limited; retrying in 0.30s
2026-07-26 03:59:10,975 ERROR notifier: Discord webhook error HTTP 404: {"message": "Unknown Webhook", "code": 10015}
2026-07-26 03:59:11,073 ERROR notifier: Discord webhook error HTTP 404: {"message": "Unknown Webhook", "code": 10015}
2026-07-26 03:59:11,180 WARNING notifier: Discord rate limited; retrying in 0.30s
2026-07-26 03:59:11,698 ERROR notifier: Discord webhook error HTTP 404: {"message": "Unknown Webhook", "code": 10015}
2026-07-26 03:59:11,792 ERROR notifier: Discord webhook error HTTP 404: {"message": "Unknown Webhook", "code": 10015}
2026-07-26 03:59:11,875 WARNING notifier: Discord rate limited; retrying in 0.30s
2026-07-26 03:59:12,361 ERROR notifier: Discord webhook error HTTP 404: {"message": "Unknown Webhook", "code": 10015}
2026-07-26 03:59:12,438 WARNING notifier: Discord rate limited; retrying in 0.30s
2026-07-26 03:59:12,921 ERROR notifier: Discord webhook error HTTP 404: {"message": "Unknown Webhook", "code": 10015}
2026-07-26 03:59:13,011 ERROR notifier: Discord webhook error HTTP 404: {"message": "Unknown Webhook", "code": 10015}
2026-07-26 03:59:13,121 WARNING notifier: Discord rate limited; retrying in 0.30s
2026-07-26 03:59:13,603 ERROR notifier: Discord webhook error HTTP 404: {"message": "Unknown Webhook", "code": 10015}
2026-07-26 03:59:13,717 WARNING notifier: Discord rate limited; retrying in 0.30s
2026-07-26 03:59:14,207 ERROR notifier: Discord webhook error HTTP 404: {"message": "Unknown Webhook", "code": 10015}
2026-07-26 03:59:14,288 ERROR notifier: Discord webhook error HTTP 404: {"message": "Unknown Webhook", "code": 10015}
2026-07-26 03:59:14,386 WARNING notifier: Discord rate limited; retrying in 0.30s
2026-07-26 03:59:14,890 ERROR notifier: Discord webhook error HTTP 404: {"message": "Unknown Webhook", "code": 10015}
2026-07-26 03:59:14,988 ERROR notifier: Discord webhook error HTTP 404: {"message": "Unknown Webhook", "code": 10015}
2026-07-26 03:59:15,013 INFO main: AVAILABLE: 6ie
2026-07-26 03:59:15,067 WARNING notifier: Discord rate limited; retrying in 0.30s
2026-07-26 03:59:15,420 INFO main: AVAILABLE: 0te
2026-07-26 03:59:15,573 ERROR notifier: Discord webhook error HTTP 404: {"message": "Unknown Webhook", "code": 10015}
2026-07-26 03:59:15,665 WARNING notifier: Discord rate limited; retrying in 0.30s
2026-07-26 03:59:16,159 ERROR notifier: Discord webhook error HTTP 404: {"message": "Unknown Webhook", "code": 10015}
2026-07-26 03:59:16,243 ERROR notifier: Discord webhook error HTTP 404: {"message": "Unknown Webhook", "code": 10015}
2026-07-26 03:59:16,322 WARNING notifier: Discord rate limited; retrying in 0.30s
2026-07-26 03:59:16,795 ERROR notifier: Discord webhook error HTTP 404: {"message": "Unknown Webhook", "code": 10015}
2026-07-26 03:59:16,876 WARNING notifier: Discord rate limited; retrying in 0.30s
2026-07-26 03:59:17,365 ERROR notifier: Discord webhook error HTTP 404: {"message": "Unknown Webhook", "code": 10015}
2026-07-26 03:59:17,448 ERROR notifier: Discord webhook error HTTP 404: {"message": "Unknown Webhook", "code": 10015}
2026-07-26 03:59:17,542 WARNING notifier: Discord rate limited; retrying in 0.30s
2026-07-26 03:59:17,573 INFO main: AVAILABLE: 6jv
2026-07-26 03:59:18,033 ERROR notifier: Discord webhook error HTTP 404: {"message": "Unknown Webhook", "code": 10015}
2026-07-26 03:59:18,108 WARNING notifier: Discord rate limited; retrying in 0.30s
2026-07-26 03:59:18,598 ERROR notifier: Discord webhook error HTTP 404: {"message": "Unknown Webhook", "code": 10015}
2026-07-26 03:59:18,675 ERROR notifier: Discord webhook error HTTP 404: {"message": "Unknown Webhook", "code": 10015}
2026-07-26 03:59:18,759 WARNING notifier: Discord rate limited; retrying in 0.30s
2026-07-26 03:59:19,261 ERROR notifier: Discord webhook error HTTP 404: {"message": "Unknown Webhook", "code": 10015}
2026-07-26 03:59:19,337 WARNING notifier: Discord rate limited; retrying in 0.30s
2026-07-26 03:59:19,834 ERROR notifier: Discord webhook error HTTP 404: {"message": "Unknown Webhook", "code": 10015}
2026-07-26 03:59:19,923 ERROR notifier: Discord webhook error HTTP 404: {"message": "Unknown Webhook", "code": 10015}
2026-07-26 03:59:20,006 WARNING notifier: Discord rate limited; retrying in 0.30s
2026-07-26 03:59:20,491 ERROR notifier: Discord webhook error HTTP 404: {"message": "Unknown Webhook", "code": 10015}
2026-07-26 03:59:20,573 ERROR notifier: Discord webhook error HTTP 404: {"message": "Unknown Webhook", "code": 10015}
2026-07-26 03:59:20,694 WARNING notifier: Discord rate limited; retrying in 0.30s
2026-07-26 03:59:21,188 ERROR notifier: Discord webhook error HTTP 404: {"message": "Unknown Webhook", "code": 10015}
2026-07-26 03:59:21,272 WARNING notifier: Discord rate limited; retrying in 0.30s
2026-07-26 03:59:21,753 ERROR notifier: Discord webhook error HTTP 404: {"message": "Unknown Webhook", "code": 10015}
2026-07-26 03:59:21,834 ERROR notifier: Discord webhook error HTTP 404: {"message": "Unknown Webhook", "code": 10015}
2026-07-26 03:59:21,924 WARNING notifier: Discord rate limited; retrying in 0.30s
2026-07-26 03:59:22,424 ERROR notifier: Discord webhook error HTTP 404: {"message": "Unknown Webhook", "code": 10015}
2026-07-26 03:59:22,500 WARNING notifier: Discord rate limited; retrying in 0.30s
2026-07-26 03:59:22,991 ERROR notifier: Discord webhook error HTTP 404: {"message": "Unknown Webhook", "code": 10015}
2026-07-26 03:59:23,073 ERROR notifier: Discord webhook error HTTP 404: {"message": "Unknown Webhook", "code": 10015}
2026-07-26 03:59:23,154 WARNING notifier: Discord rate limited; retrying in 0.30s
2026-07-26 03:59:23,637 ERROR notifier: Discord webhook error HTTP 404: {"message": "Unknown Webhook", "code": 10015}
2026-07-26 03:59:23,714 WARNING notifier: Discord rate limited; retrying in 0.30s
2026-07-26 03:59:24,199 ERROR notifier: Discord webhook error HTTP 404: {"message": "Unknown Webhook", "code": 10015}
2026-07-26 03:59:24,282 ERROR notifier: Discord webhook error HTTP 404: {"message": "Unknown Webhook", "code": 10015}
2026-07-26 03:59:24,368 WARNING notifier: Discord rate limited; retrying in 0.30s
2026-07-26 03:59:24,564 INFO main: AVAILABLE: zb7
2026-07-26 03:59:24,865 ERROR notifier: Discord webhook error HTTP 404: {"message": "Unknown Webhook", "code": 10015}
2026-07-26 03:59:24,938 WARNING notifier: Discord rate limited; retrying in 0.30s
2026-07-26 03:59:25,414 ERROR notifier: Discord webhook error HTTP 404: {"message": "Unknown Webhook", "code": 10015}
2026-07-26 03:59:25,494 ERROR notifier: Discord webhook error HTTP 404: {"message": "Unknown Webhook", "code": 10015}
2026-07-26 03:59:25,573 WARNING notifier: Discord rate limited; retrying in 0.30s
2026-07-26 03:59:26,077 ERROR notifier: Discord webhook error HTTP 404: {"message": "Unknown Webhook", "code": 10015}
2026-07-26 03:59:26,199 ERROR notifier: Discord webhook error HTTP 404: {"message": "Unknown Webhook", "code": 10015}
2026-07-26 03:59:26,279 WARNING notifier: Discord rate limited; retrying in 0.30s
2026-07-26 03:59:26,755 ERROR notifier: Discord webhook error HTTP 404: {"message": "Unknown Webhook", "code": 10015}
2026-07-26 03:59:26,836 WARNING notifier: Discord rate limited; retrying in 0.30s
2026-07-26 03:59:27,326 ERROR notifier: Discord webhook error HTTP 404: {"message": "Unknown Webhook", "code": 10015}
2026-07-26 03:59:27,427 ERROR notifier: Discord webhook error HTTP 404: {"message": "Unknown Webhook", "code": 10015}
2026-07-26 03:59:27,511 WARNING notifier: Discord rate limited; retrying in 0.30s
2026-07-26 03:59:28,008 ERROR notifier: Discord webhook error HTTP 404: {"message": "Unknown Webhook", "code": 10015}
2026-07-26 03:59:28,086 WARNING notifier: Discord rate limited; retrying in 0.30s
2026-07-26 03:59:28,573 ERROR notifier: Discord webhook error HTTP 404: {"message": "Unknown Webhook", "code": 10015}
2026-07-26 03:59:28,654 ERROR notifier: Discord webhook error HTTP 404: {"message": "Unknown Webhook", "code": 10015}
2026-07-26 03:59:28,760 WARNING notifier: Discord rate limited; retrying in 0.30s
2026-07-26 03:59:29,271 ERROR notifier: Discord webhook error HTTP 404: {"message": "Unknown Webhook", "code": 10015}
2026-07-26 03:59:29,276 INFO main: AVAILABLE: us8
2026-07-26 03:59:29,362 WARNING notifier: Discord rate limited; retrying in 0.30s
2026-07-26 03:59:29,867 ERROR notifier: Discord webhook error HTTP 404: {"message": "Unknown Webhook", "code": 10015}
2026-07-26 03:59:29,980 ERROR notifier: Discord webhook error HTTP 404: {"message": "Unknown Webhook", "code": 10015}
2026-07-26 03:59:30,062 WARNING notifier: Discord rate limited; retrying in 0.30s
2026-07-26 03:59:31,986 ERROR notifier: Discord webhook error HTTP 404: {"message": "Unknown Webhook", "code": 10015}
2026-07-26 03:59:32,068 ERROR notifier: Discord webhook error HTTP 404: {"message": "Unknown Webhook", "code": 10015}
2026-07-26 03:59:32,150 ERROR notifier: Discord webhook error HTTP 404: {"message": "Unknown Webhook", "code": 10015}
2026-07-26 03:59:32,228 ERROR notifier: Discord webhook error HTTP 404: {"message": "Unknown Webhook", "code": 10015}
2026-07-26 03:59:32,329 ERROR notifier: Discord webhook error HTTP 404: {"message": "Unknown Webhook", "code": 10015}
2026-07-26 03:59:32,414 ERROR notifier: Discord webhook error HTTP 404: {"message": "Unknown Webhook", "code": 10015}
2026-07-26 03:59:32,492 WARNING notifier: Discord rate limited; retrying in 0.30s
2026-07-26 03:59:32,981 ERROR notifier: Discord webhook error HTTP 404: {"message": "Unknown Webhook", "code": 10015}
2026-07-26 03:59:33,058 WARNING notifier: Discord rate limited; retrying in 0.30s
2026-07-26 03:59:33,540 ERROR notifier: Discord webhook error HTTP 404: {"message": "Unknown Webhook", "code": 10015}
2026-07-26 03:59:33,624 ERROR notifier: Discord webhook error HTTP 404: {"message": "Unknown Webhook", "code": 10015}
2026-07-26 03:59:33,703 WARNING notifier: Discord rate limited; retrying in 0.30s
2026-07-26 03:59:34,186 ERROR notifier: Discord webhook error HTTP 404: {"message": "Unknown Webhook", "code": 10015}
2026-07-26 03:59:34,269 WARNING notifier: Discord rate limited; retrying in 0.30s
2026-07-26 03:59:34,330 WARNING checker: fgm: giving up after 5 attempts (HTTP 429)
2026-07-26 03:59:34,768 ERROR notifier: Discord webhook error HTTP 404: {"message": "Unknown Webhook", "code": 10015}
2026-07-26 03:59:34,871 ERROR notifier: Discord webhook error HTTP 404: {"message": "Unknown Webhook", "code": 10015}
2026-07-26 03:59:34,947 WARNING notifier: Discord rate limited; retrying in 0.30s
2026-07-26 03:59:35,445 ERROR notifier: Discord webhook error HTTP 404: {"message": "Unknown Webhook", "code": 10015}
2026-07-26 03:59:35,523 WARNING notifier: Discord rate limited; retrying in 0.30s
2026-07-26 03:59:36,003 ERROR notifier: Discord webhook error HTTP 404: {"message": "Unknown Webhook", "code": 10015}
2026-07-26 03:59:36,104 ERROR notifier: Discord webhook error HTTP 404: {"message": "Unknown Webhook", "code": 10015}
2026-07-26 03:59:36,114 WARNING checker: zbj: giving up after 5 attempts (HTTP 429)
2026-07-26 03:59:36,207 WARNING notifier: Discord rate limited; retrying in 0.30s
2026-07-26 03:59:36,846 ERROR notifier: Discord webhook error HTTP 404: {"message": "Unknown Webhook", "code": 10015}
2026-07-26 03:59:36,938 ERROR notifier: Discord webhook error HTTP 404: {"message": "Unknown Webhook", "code": 10015}
2026-07-26 03:59:37,014 WARNING notifier: Discord rate limited; retrying in 0.30s
2026-07-26 03:59:37,498 ERROR notifier: Discord webhook error HTTP 404: {"message": "Unknown Webhook", "code": 10015}
2026-07-26 03:59:37,512 WARNING checker: 7yf: giving up after 5 attempts (HTTP 429)
2026-07-26 03:59:37,591 ERROR notifier: Discord webhook error HTTP 404: {"message": "Unknown Webhook", "code": 10015}
2026-07-26 03:59:37,676 WARNING notifier: Discord rate limited; retrying in 0.30s
2026-07-26 03:59:38,172 ERROR notifier: Discord webhook error HTTP 404: {"message": "Unknown Webhook", "code": 10015}
2026-07-26 03:59:38,250 WARNING notifier: Discord rate limited; retrying in 0.30s
2026-07-26 03:59:38,721 ERROR notifier: Discord webhook error HTTP 404: {"message": "Unknown Webhook", "code": 10015}
2026-07-26 03:59:38,806 ERROR notifier: Discord webhook error HTTP 404: {"message": "Unknown Webhook", "code": 10015}
2026-07-26 03:59:38,883 WARNING notifier: Discord rate limited; retrying in 0.30s
2026-07-26 03:59:39,375 ERROR notifier: Discord webhook error HTTP 404: {"message": "Unknown Webhook", "code": 10015}
2026-07-26 03:59:39,454 WARNING notifier: Discord rate limited; retrying in 0.30s
2026-07-26 03:59:39,939 ERROR notifier: Discord webhook error HTTP 404: {"message": "Unknown Webhook", "code": 10015}
2026-07-26 03:59:40,038 ERROR notifier: Discord webhook error HTTP 404: {"message": "Unknown Webhook", "code": 10015}
2026-07-26 03:59:40,124 WARNING notifier: Discord rate limited; retrying in 0.30s
2026-07-26 03:59:40,612 ERROR notifier: Discord webhook error HTTP 404: {"message": "Unknown Webhook", "code": 10015}
2026-07-26 03:59:40,701 WARNING notifier: Discord rate limited; retrying in 0.30s
2026-07-26 03:59:40,871 WARNING checker: k6z: giving up after 5 attempts (HTTP 429)
2026-07-26 03:59:41,193 ERROR notifier: Discord webhook error HTTP 404: {"message": "Unknown Webhook", "code": 10015}
2026-07-26 03:59:41,281 ERROR notifier: Discord webhook error HTTP 404: {"message": "Unknown Webhook", "code": 10015}
2026-07-26 03:59:41,383 WARNING notifier: Discord rate limited; retrying in 0.30s
2026-07-26 03:59:41,879 ERROR notifier: Discord webhook error HTTP 404: {"message": "Unknown Webhook", "code": 10015}
2026-07-26 03:59:41,959 WARNING notifier: Discord rate limited; retrying in 0.30s
2026-07-26 03:59:42,460 ERROR notifier: Discord webhook error HTTP 404: {"message": "Unknown Webhook", "code": 10015}
2026-07-26 03:59:42,559 ERROR notifier: Discord webhook error HTTP 404: {"message": "Unknown Webhook", "code": 10015}
2026-07-26 03:59:42,647 WARNING notifier: Discord rate limited; retrying in 0.30s
2026-07-26 03:59:43,138 ERROR notifier: Discord webhook error HTTP 404: {"message": "Unknown Webhook", "code": 10015}
2026-07-26 03:59:43,233 ERROR notifier: Discord webhook error HTTP 404: {"message": "Unknown Webhook", "code": 10015}
2026-07-26 03:59:43,313 WARNING notifier: Discord rate limited; retrying in 0.30s
2026-07-26 03:59:43,336 WARNING checker: 0t8: giving up after 5 attempts (HTTP 429)
2026-07-26 03:59:43,815 ERROR notifier: Discord webhook error HTTP 404: {"message": "Unknown Webhook", "code": 10015}
2026-07-26 03:59:43,896 WARNING notifier: Discord rate limited; retrying in 0.30s
2026-07-26 03:59:44,388 ERROR notifier: Discord webhook error HTTP 404: {"message": "Unknown Webhook", "code": 10015}
2026-07-26 03:59:44,470 ERROR notifier: Discord webhook error HTTP 404: {"message": "Unknown Webhook", "code": 10015}
2026-07-26 03:59:44,552 WARNING notifier: Discord rate limited; retrying in 0.30s
2026-07-26 03:59:45,040 ERROR notifier: Discord webhook error HTTP 404: {"message": "Unknown Webhook", "code": 10015}
2026-07-26 03:59:45,122 WARNING notifier: Discord rate limited; retrying in 0.30s
2026-07-26 03:59:45,620 ERROR notifier: Discord webhook error HTTP 404: {"message": "Unknown Webhook", "code": 10015}
2026-07-26 03:59:45,714 WARNING checker: lvj: giving up after 5 attempts (HTTP 429)
2026-07-26 03:59:45,717 ERROR notifier: Discord webhook error HTTP 404: {"message": "Unknown Webhook", "code": 10015}
2026-07-26 03:59:45,807 WARNING notifier: Discord rate limited; retrying in 0.30s
2026-07-26 03:59:46,310 ERROR notifier: Discord webhook error HTTP 404: {"message": "Unknown Webhook", "code": 10015}
2026-07-26 03:59:46,389 ERROR notifier: Discord webhook error HTTP 404: {"message": "Unknown Webhook", "code": 10015}
2026-07-26 03:59:46,471 WARNING notifier: Discord rate limited; retrying in 0.30s
2026-07-26 03:59:46,956 ERROR notifier: Discord webhook error HTTP 404: {"message": "Unknown Webhook", "code": 10015}
2026-07-26 03:59:47,050 WARNING notifier: Discord rate limited; retrying in 0.30s
2026-07-26 03:59:47,553 ERROR notifier: Discord webhook error HTTP 404: {"message": "Unknown Webhook", "code": 10015}
2026-07-26 03:59:47,561 INFO main: AVAILABLE: 5yq
2026-07-26 03:59:47,651 ERROR notifier: Discord webhook error HTTP 404: {"message": "Unknown Webhook", "code": 10015}
2026-07-26 03:59:47,727 WARNING notifier: Discord rate limited; retrying in 0.30s
2026-07-26 03:59:48,213 ERROR notifier: Discord webhook error HTTP 404: {"message": "Unknown Webhook", "code": 10015}
2026-07-26 03:59:48,293 WARNING notifier: Discord rate limited; retrying in 0.30s
2026-07-26 03:59:48,785 ERROR notifier: Discord webhook error HTTP 404: {"message": "Unknown Webhook", "code": 10015}
2026-07-26 03:59:48,866 ERROR notifier: Discord webhook error HTTP 404: {"message": "Unknown Webhook", "code": 10015}
2026-07-26 03:59:48,945 WARNING notifier: Discord rate limited; retrying in 0.30s
2026-07-26 03:59:49,443 ERROR notifier: Discord webhook error HTTP 404: {"message": "Unknown Webhook", "code": 10015}
2026-07-26 03:59:49,523 WARNING notifier: Discord rate limited; retrying in 0.30s
2026-07-26 03:59:50,003 ERROR notifier: Discord webhook error HTTP 404: {"message": "Unknown Webhook", "code": 10015}
2026-07-26 03:59:50,089 ERROR notifier: Discord webhook error HTTP 404: {"message": "Unknown Webhook", "code": 10015}
2026-07-26 03:59:50,212 WARNING notifier: Discord rate limited; retrying in 0.30s
2026-07-26 03:59:50,712 ERROR notifier: Discord webhook error HTTP 404: {"message": "Unknown Webhook", "code": 10015}
2026-07-26 03:59:50,803 ERROR notifier: Discord webhook error HTTP 404: {"message": "Unknown Webhook", "code": 10015}
2026-07-26 03:59:50,893 WARNING notifier: Discord rate limited; retrying in 0.30s
2026-07-26 03:59:51,412 ERROR notifier: Discord webhook error HTTP 404: {"message": "Unknown Webhook", "code": 10015}
2026-07-26 03:59:51,498 WARNING notifier: Discord rate limited; retrying in 0.30s
2026-07-26 03:59:51,975 ERROR notifier: Discord webhook error HTTP 404: {"message": "Unknown Webhook", "code": 10015}
2026-07-26 03:59:52,053 ERROR notifier: Discord webhook error HTTP 404: {"message": "Unknown Webhook", "code": 10015}
2026-07-26 03:59:52,132 WARNING notifier: Discord rate limited; retrying in 0.30s
2026-07-26 03:59:52,708 ERROR notifier: Discord webhook error HTTP 404: {"message": "Unknown Webhook", "code": 10015}
2026-07-26 03:59:52,797 ERROR notifier: Discord webhook error HTTP 404: {"message": "Unknown Webhook", "code": 10015}
2026-07-26 03:59:52,878 WARNING notifier: Discord rate limited; retrying in 0.30s
2026-07-26 03:59:53,371 ERROR notifier: Discord webhook error HTTP 404: {"message": "Unknown Webhook", "code": 10015}
2026-07-26 03:59:53,445 WARNING notifier: Discord rate limited; retrying in 0.30s
2026-07-26 03:59:53,942 ERROR notifier: Discord webhook error HTTP 404: {"message": "Unknown Webhook", "code": 10015}
2026-07-26 03:59:54,023 ERROR notifier: Discord webhook error HTTP 404: {"message": "Unknown Webhook", "code": 10015}
2026-07-26 03:59:54,118 WARNING notifier: Discord rate limited; retrying in 0.30s
2026-07-26 03:59:54,602 ERROR notifier: Discord webhook error HTTP 404: {"message": "Unknown Webhook", "code": 10015}
2026-07-26 03:59:54,681 WARNING notifier: Discord rate limited; retrying in 0.30s
2026-07-26 03:59:55,168 ERROR notifier: Discord webhook error HTTP 404: {"message": "Unknown Webhook", "code": 10015}
2026-07-26 03:59:55,246 ERROR notifier: Discord webhook error HTTP 404: {"message": "Unknown Webhook", "code": 10015}
2026-07-26 03:59:55,328 WARNING notifier: Discord rate limited; retrying in 0.30s
2026-07-26 03:59:55,804 ERROR notifier: Discord webhook error HTTP 404: {"message": "Unknown Webhook", "code": 10015}
2026-07-26 03:59:55,882 WARNING notifier: Discord rate limited; retrying in 0.30s
2026-07-26 03:59:56,373 ERROR notifier: Discord webhook error HTTP 404: {"message": "Unknown Webhook", "code": 10015}
2026-07-26 03:59:56,463 ERROR notifier: Discord webhook error HTTP 404: {"message": "Unknown Webhook", "code": 10015}
2026-07-26 03:59:56,540 WARNING notifier: Discord rate limited; retrying in 0.30s
2026-07-26 03:59:57,040 ERROR notifier: Discord webhook error HTTP 404: {"message": "Unknown Webhook", "code": 10015}
2026-07-26 03:59:57,114 WARNING notifier: Discord rate limited; retrying in 0.30s
2026-07-26 03:59:57,621 ERROR notifier: Discord webhook error HTTP 404: {"message": "Unknown Webhook", "code": 10015}
2026-07-26 03:59:57,720 ERROR notifier: Discord webhook error HTTP 404: {"message": "Unknown Webhook", "code": 10015}
2026-07-26 03:59:57,793 WARNING notifier: Discord rate limited; retrying in 0.30s
2026-07-26 03:59:58,277 ERROR notifier: Discord webhook error HTTP 404: {"message": "Unknown Webhook", "code": 10015}
2026-07-26 03:59:58,352 WARNING notifier: Discord rate limited; retrying in 0.30s
2026-07-26 03:59:58,901 ERROR notifier: Discord webhook error HTTP 404: {"message": "Unknown Webhook", "code": 10015}
2026-07-26 03:59:58,981 ERROR notifier: Discord webhook error HTTP 404: {"message": "Unknown Webhook", "code": 10015}
2026-07-26 03:59:59,067 WARNING notifier: Discord rate limited; retrying in 0.30s
2026-07-26 03:59:59,562 ERROR notifier: Discord webhook error HTTP 404: {"message": "Unknown Webhook", "code": 10015}
2026-07-26 03:59:59,648 ERROR notifier: Discord webhook error HTTP 404: {"message": "Unknown Webhook", "code": 10015}
2026-07-26 03:59:59,730 WARNING notifier: Discord rate limited; retrying in 0.30s
2026-07-26 04:00:00,232 ERROR notifier: Discord webhook error HTTP 404: {"message": "Unknown Webhook", "code": 10015}
2026-07-26 04:00:00,315 WARNING notifier: Discord rate limited; retrying in 0.30s
2026-07-26 04:00:00,451 INFO main: AVAILABLE: a5v
2026-07-26 04:00:00,793 ERROR notifier: Discord webhook error HTTP 404: {"message": "Unknown Webhook", "code": 10015}
2026-07-26 04:00:00,877 ERROR notifier: Discord webhook error HTTP 404: {"message": "Unknown Webhook", "code": 10015}
2026-07-26 04:00:00,967 WARNING notifier: Discord rate limited; retrying in 0.30s
2026-07-26 04:00:01,084 INFO main: AVAILABLE: d94
2026-07-26 04:00:01,469 ERROR notifier: Discord webhook error HTTP 404: {"message": "Unknown Webhook", "code": 10015}
2026-07-26 04:00:01,557 WARNING notifier: Discord rate limited; retrying in 0.30s
2026-07-26 04:00:01,823 INFO main: AVAILABLE: u6o
2026-07-26 04:00:02,055 ERROR notifier: Discord webhook error HTTP 404: {"message": "Unknown Webhook", "code": 10015}
2026-07-26 04:00:02,163 ERROR notifier: Discord webhook error HTTP 404: {"message": "Unknown Webhook", "code": 10015}
2026-07-26 04:00:02,250 WARNING notifier: Discord rate limited; retrying in 0.30s
2026-07-26 04:00:02,749 ERROR notifier: Discord webhook error HTTP 404: {"message": "Unknown Webhook", "code": 10015}
2026-07-26 04:00:02,859 ERROR notifier: Discord webhook error HTTP 404: {"message": "Unknown Webhook", "code": 10015}
2026-07-26 04:00:02,956 WARNING notifier: Discord rate limited; retrying in 0.30s
2026-07-26 04:00:03,478 ERROR notifier: Discord webhook error HTTP 404: {"message": "Unknown Webhook", "code": 10015}
2026-07-26 04:00:03,566 WARNING notifier: Discord rate limited; retrying in 0.30s
2026-07-26 04:00:04,083 ERROR notifier: Discord webhook error HTTP 404: {"message": "Unknown Webhook", "code": 10015}
2026-07-26 04:00:04,188 ERROR notifier: Discord webhook error HTTP 404: {"message": "Unknown Webhook", "code": 10015}
2026-07-26 04:00:04,291 WARNING notifier: Discord rate limited; retrying in 0.30s
2026-07-26 04:00:04,795 ERROR notifier: Discord webhook error HTTP 404: {"message": "Unknown Webhook", "code": 10015}
2026-07-26 04:00:04,926 ERROR notifier: Discord webhook error HTTP 404: {"message": "Unknown Webhook", "code": 10015}
2026-07-26 04:00:05,009 WARNING notifier: Discord rate limited; retrying in 0.30s
2026-07-26 04:00:05,501 INFO main: AVAILABLE: ml5
2026-07-26 04:00:05,517 ERROR notifier: Discord webhook error HTTP 404: {"message": "Unknown Webhook", "code": 10015}
2026-07-26 04:00:05,618 ERROR notifier: Discord webhook error HTTP 404: {"message": "Unknown Webhook", "code": 10015}
2026-07-26 04:00:05,723 WARNING notifier: Discord rate limited; retrying in 0.30s
2026-07-26 04:00:06,235 ERROR notifier: Discord webhook error HTTP 404: {"message": "Unknown Webhook", "code": 10015}
2026-07-26 04:00:06,327 WARNING notifier: Discord rate limited; retrying in 0.30s
2026-07-26 04:00:06,868 ERROR notifier: Discord webhook error HTTP 404: {"message": "Unknown Webhook", "code": 10015}
2026-07-26 04:00:06,972 ERROR notifier: Discord webhook error HTTP 404: {"message": "Unknown Webhook", "code": 10015}
2026-07-26 04:00:07,047 WARNING notifier: Discord rate limited; retrying in 0.30s
2026-07-26 04:00:07,537 ERROR notifier: Discord webhook error HTTP 404: {"message": "Unknown Webhook", "code": 10015}
2026-07-26 04:00:07,666 ERROR notifier: Discord webhook error HTTP 404: {"message": "Unknown Webhook", "code": 10015}
2026-07-26 04:00:07,748 WARNING notifier: Discord rate limited; retrying in 0.30s
2026-07-26 04:00:08,235 ERROR notifier: Discord webhook error HTTP 404: {"message": "Unknown Webhook", "code": 10015}
2026-07-26 04:00:08,312 WARNING notifier: Discord rate limited; retrying in 0.30s
2026-07-26 04:00:08,804 ERROR notifier: Discord webhook error HTTP 404: {"message": "Unknown Webhook", "code": 10015}
2026-07-26 04:00:08,895 ERROR notifier: Discord webhook error HTTP 404: {"message": "Unknown Webhook", "code": 10015}
2026-07-26 04:00:09,000 WARNING notifier: Discord rate limited; retrying in 0.30s
2026-07-26 04:00:09,510 ERROR notifier: Discord webhook error HTTP 404: {"message": "Unknown Webhook", "code": 10015}
2026-07-26 04:00:09,628 ERROR notifier: Discord webhook error HTTP 404: {"message": "Unknown Webhook", "code": 10015}
2026-07-26 04:00:09,728 WARNING notifier: Discord rate limited; retrying in 0.30s
2026-07-26 04:00:10,226 ERROR notifier: Discord webhook error HTTP 404: {"message": "Unknown Webhook", "code": 10015}
2026-07-26 04:00:10,253 INFO main: AVAILABLE: yl6
2026-07-26 04:00:10,318 WARNING notifier: Discord rate limited; retrying in 0.30s
2026-07-26 04:00:10,849 ERROR notifier: Discord webhook error HTTP 404: {"message": "Unknown Webhook", "code": 10015}
2026-07-26 04:00:10,958 ERROR notifier: Discord webhook error HTTP 404: {"message": "Unknown Webhook", "code": 10015}
2026-07-26 04:00:11,062 WARNING notifier: Discord rate limited; retrying in 0.30s
2026-07-26 04:00:11,559 ERROR notifier: Discord webhook error HTTP 404: {"message": "Unknown Webhook", "code": 10015}
2026-07-26 04:00:11,660 ERROR notifier: Discord webhook error HTTP 404: {"message": "Unknown Webhook", "code": 10015}
2026-07-26 04:00:11,752 WARNING notifier: Discord rate limited; retrying in 0.30s
2026-07-26 04:00:12,246 ERROR notifier: Discord webhook error HTTP 404: {"message": "Unknown Webhook", "code": 10015}
2026-07-26 04:00:12,327 WARNING notifier: Discord rate limited; retrying in 0.30s
2026-07-26 04:00:12,831 ERROR notifier: Discord webhook error HTTP 404: {"message": "Unknown Webhook", "code": 10015}
2026-07-26 04:00:12,923 ERROR notifier: Discord webhook error HTTP 404: {"message": "Unknown Webhook", "code": 10015}
2026-07-26 04:00:13,006 WARNING notifier: Discord rate limited; retrying in 0.30s
2026-07-26 04:00:13,508 ERROR notifier: Discord webhook error HTTP 404: {"message": "Unknown Webhook", "code": 10015}
2026-07-26 04:00:13,614 ERROR notifier: Discord webhook error HTTP 404: {"message": "Unknown Webhook", "code": 10015}
2026-07-26 04:00:13,708 WARNING notifier: Discord rate limited; retrying in 0.30s
2026-07-26 04:00:14,207 ERROR notifier: Discord webhook error HTTP 404: {"message": "Unknown Webhook", "code": 10015}
2026-07-26 04:00:14,291 WARNING notifier: Discord rate limited; retrying in 0.30s
2026-07-26 04:00:14,795 ERROR notifier: Discord webhook error HTTP 404: {"message": "Unknown Webhook", "code": 10015}
2026-07-26 04:00:14,884 ERROR notifier: Discord webhook error HTTP 404: {"message": "Unknown Webhook", "code": 10015}
2026-07-26 04:00:15,025 WARNING notifier: Discord rate limited; retrying in 0.30s
2026-07-26 04:00:15,515 ERROR notifier: Discord webhook error HTTP 404: {"message": "Unknown Webhook", "code": 10015}
2026-07-26 04:00:15,610 ERROR notifier: Discord webhook error HTTP 404: {"message": "Unknown Webhook", "code": 10015}
2026-07-26 04:00:15,692 WARNING notifier: Discord rate limited; retrying in 0.30s
2026-07-26 04:00:16,194 ERROR notifier: Discord webhook error HTTP 404: {"message": "Unknown Webhook", "code": 10015}
2026-07-26 04:00:16,274 WARNING notifier: Discord rate limited; retrying in 0.30s
2026-07-26 04:00:16,777 ERROR notifier: Discord webhook error HTTP 404: {"message": "Unknown Webhook", "code": 10015}
2026-07-26 04:00:16,870 ERROR notifier: Discord webhook error HTTP 404: {"message": "Unknown Webhook", "code": 10015}
2026-07-26 04:00:16,953 WARNING notifier: Discord rate limited; retrying in 0.30s
2026-07-26 04:00:17,432 ERROR notifier: Discord webhook error HTTP 404: {"message": "Unknown Webhook", "code": 10015}
2026-07-26 04:00:17,526 WARNING notifier: Discord rate limited; retrying in 0.30s
2026-07-26 04:00:18,005 ERROR notifier: Discord webhook error HTTP 404: {"message": "Unknown Webhook", "code": 10015}
2026-07-26 04:00:18,085 ERROR notifier: Discord webhook error HTTP 404: {"message": "Unknown Webhook", "code": 10015}
2026-07-26 04:00:18,168 WARNING notifier: Discord rate limited; retrying in 0.30s
2026-07-26 04:00:18,658 ERROR notifier: Discord webhook error HTTP 404: {"message": "Unknown Webhook", "code": 10015}
2026-07-26 04:00:18,736 WARNING notifier: Discord rate limited; retrying in 0.30s
2026-07-26 04:00:19,243 ERROR notifier: Discord webhook error HTTP 404: {"message": "Unknown Webhook", "code": 10015}
2026-07-26 04:00:19,335 ERROR notifier: Discord webhook error HTTP 404: {"message": "Unknown Webhook", "code": 10015}
2026-07-26 04:00:19,445 WARNING notifier: Discord rate limited; retrying in 0.30s
2026-07-26 04:00:19,936 ERROR notifier: Discord webhook error HTTP 404: {"message": "Unknown Webhook", "code": 10015}
2026-07-26 04:00:20,023 ERROR notifier: Discord webhook error HTTP 404: {"message": "Unknown Webhook", "code": 10015}
2026-07-26 04:00:20,107 WARNING notifier: Discord rate limited; retrying in 0.30s
2026-07-26 04:00:20,635 ERROR notifier: Discord webhook error HTTP 404: {"message": "Unknown Webhook", "code": 10015}
2026-07-26 04:00:20,726 WARNING notifier: Discord rate limited; retrying in 0.30s
2026-07-26 04:00:21,212 ERROR notifier: Discord webhook error HTTP 404: {"message": "Unknown Webhook", "code": 10015}
2026-07-26 04:00:21,358 ERROR notifier: Discord webhook error HTTP 404: {"message": "Unknown Webhook", "code": 10015}
2026-07-26 04:00:21,436 WARNING notifier: Discord rate limited; retrying in 0.30s
2026-07-26 04:00:21,557 INFO main: AVAILABLE: z5w
2026-07-26 04:00:21,929 ERROR notifier: Discord webhook error HTTP 404: {"message": "Unknown Webhook", "code": 10015}
2026-07-26 04:00:22,014 ERROR notifier: Discord webhook error HTTP 404: {"message": "Unknown Webhook", "code": 10015}
2026-07-26 04:00:22,097 WARNING notifier: Discord rate limited; retrying in 0.30s
2026-07-26 04:00:22,626 ERROR notifier: Discord webhook error HTTP 404: {"message": "Unknown Webhook", "code": 10015}
2026-07-26 04:00:22,708 WARNING notifier: Discord rate limited; retrying in 0.30s
2026-07-26 04:00:23,201 ERROR notifier: Discord webhook error HTTP 404: {"message": "Unknown Webhook", "code": 10015}
2026-07-26 04:00:23,301 ERROR notifier: Discord webhook error HTTP 404: {"message": "Unknown Webhook", "code": 10015}
2026-07-26 04:00:23,392 WARNING notifier: Discord rate limited; retrying in 0.30s
2026-07-26 04:00:23,881 ERROR notifier: Discord webhook error HTTP 404: {"message": "Unknown Webhook", "code": 10015}
2026-07-26 04:00:23,958 WARNING notifier: Discord rate limited; retrying in 0.30s
2026-07-26 04:00:24,492 ERROR notifier: Discord webhook error HTTP 404: {"message": "Unknown Webhook", "code": 10015}
2026-07-26 04:00:24,627 ERROR notifier: Discord webhook error HTTP 404: {"message": "Unknown Webhook", "code": 10015}
2026-07-26 04:00:24,724 WARNING notifier: Discord rate limited; retrying in 0.30s
2026-07-26 04:00:25,231 ERROR notifier: Discord webhook error HTTP 404: {"message": "Unknown Webhook", "code": 10015}
2026-07-26 04:00:25,320 ERROR notifier: Discord webhook error HTTP 404: {"message": "Unknown Webhook", "code": 10015}
2026-07-26 04:00:25,405 WARNING notifier: Discord rate limited; retrying in 0.30s
2026-07-26 04:00:25,890 ERROR notifier: Discord webhook error HTTP 404: {"message": "Unknown Webhook", "code": 10015}
2026-07-26 04:00:25,978 ERROR notifier: Discord webhook error HTTP 404: {"message": "Unknown Webhook", "code": 10015}
2026-07-26 04:00:26,068 WARNING notifier: Discord rate limited; retrying in 0.31s
2026-07-26 04:00:26,589 ERROR notifier: Discord webhook error HTTP 404: {"message": "Unknown Webhook", "code": 10015}
2026-07-26 04:00:26,684 WARNING notifier: Discord rate limited; retrying in 0.30s
2026-07-26 04:00:27,187 ERROR notifier: Discord webhook error HTTP 404: {"message": "Unknown Webhook", "code": 10015}
2026-07-26 04:00:27,280 ERROR notifier: Discord webhook error HTTP 404: {"message": "Unknown Webhook", "code": 10015}
2026-07-26 04:00:27,384 WARNING notifier: Discord rate limited; retrying in 0.30s
2026-07-26 04:00:27,872 ERROR notifier: Discord webhook error HTTP 404: {"message": "Unknown Webhook", "code": 10015}
2026-07-26 04:00:27,951 WARNING notifier: Discord rate limited; retrying in 0.30s
2026-07-26 04:00:28,447 ERROR notifier: Discord webhook error HTTP 404: {"message": "Unknown Webhook", "code": 10015}
2026-07-26 04:00:28,544 ERROR notifier: Discord webhook error HTTP 404: {"message": "Unknown Webhook", "code": 10015}
2026-07-26 04:00:28,652 WARNING notifier: Discord rate limited; retrying in 0.30s
2026-07-26 04:00:29,138 ERROR notifier: Discord webhook error HTTP 404: {"message": "Unknown Webhook", "code": 10015}
2026-07-26 04:00:29,227 ERROR notifier: Discord webhook error HTTP 404: {"message": "Unknown Webhook", "code": 10015}
2026-07-26 04:00:29,306 WARNING notifier: Discord rate limited; retrying in 0.30s
2026-07-26 04:00:29,796 ERROR notifier: Discord webhook error HTTP 404: {"message": "Unknown Webhook", "code": 10015}
2026-07-26 04:00:29,923 WARNING notifier: Discord rate limited; retrying in 0.30s
2026-07-26 04:00:30,406 ERROR notifier: Discord webhook error HTTP 404: {"message": "Unknown Webhook", "code": 10015}
2026-07-26 04:00:30,511 ERROR notifier: Discord webhook error HTTP 404: {"message": "Unknown Webhook", "code": 10015}
2026-07-26 04:00:30,602 WARNING notifier: Discord rate limited; retrying in 0.30s
2026-07-26 04:00:31,095 ERROR notifier: Discord webhook error HTTP 404: {"message": "Unknown Webhook", "code": 10015}
2026-07-26 04:00:31,185 ERROR notifier: Discord webhook error HTTP 404: {"message": "Unknown Webhook", "code": 10015}
2026-07-26 04:00:31,267 WARNING notifier: Discord rate limited; retrying in 0.30s
2026-07-26 04:00:31,769 ERROR notifier: Discord webhook error HTTP 404: {"message": "Unknown Webhook", "code": 10015}
2026-07-26 04:00:31,845 WARNING notifier: Discord rate limited; retrying in 0.30s
2026-07-26 04:00:32,357 ERROR notifier: Discord webhook error HTTP 404: {"message": "Unknown Webhook", "code": 10015}
2026-07-26 04:00:32,457 ERROR notifier: Discord webhook error HTTP 404: {"message": "Unknown Webhook", "code": 10015}
2026-07-26 04:00:32,559 WARNING notifier: Discord rate limited; retrying in 0.30s
2026-07-26 04:00:33,053 ERROR notifier: Discord webhook error HTTP 404: {"message": "Unknown Webhook", "code": 10015}
2026-07-26 04:00:33,147 WARNING notifier: Discord rate limited; retrying in 0.30s
2026-07-26 04:00:33,653 ERROR notifier: Discord webhook error HTTP 404: {"message": "Unknown Webhook", "code": 10015}
2026-07-26 04:00:33,803 ERROR notifier: Discord webhook error HTTP 404: {"message": "Unknown Webhook", "code": 10015}
2026-07-26 04:00:33,890 WARNING notifier: Discord rate limited; retrying in 0.30s
2026-07-26 04:00:34,389 ERROR notifier: Discord webhook error HTTP 404: {"message": "Unknown Webhook", "code": 10015}
2026-07-26 04:00:34,493 ERROR notifier: Discord webhook error HTTP 404: {"message": "Unknown Webhook", "code": 10015}
2026-07-26 04:00:34,575 WARNING notifier: Discord rate limited; retrying in 0.30s
2026-07-26 04:00:35,065 ERROR notifier: Discord webhook error HTTP 404: {"message": "Unknown Webhook", "code": 10015}
2026-07-26 04:00:35,143 WARNING notifier: Discord rate limited; retrying in 0.30s
2026-07-26 04:00:35,641 ERROR notifier: Discord webhook error HTTP 404: {"message": "Unknown Webhook", "code": 10015}
2026-07-26 04:00:35,766 ERROR notifier: Discord webhook error HTTP 404: {"message": "Unknown Webhook", "code": 10015}
2026-07-26 04:00:35,783 WARNING checker: 9ya: giving up after 5 attempts (HTTP 429)
2026-07-26 04:00:35,860 WARNING notifier: Discord rate limited; retrying in 0.30s
2026-07-26 04:00:36,060 WARNING checker: ftm: giving up after 5 attempts (HTTP 429)
2026-07-26 04:00:36,352 ERROR notifier: Discord webhook error HTTP 404: {"message": "Unknown Webhook", "code": 10015}
2026-07-26 04:00:36,461 ERROR notifier: Discord webhook error HTTP 404: {"message": "Unknown Webhook", "code": 10015}
2026-07-26 04:00:36,571 WARNING notifier: Discord rate limited; retrying in 0.30s
2026-07-26 04:00:37,062 ERROR notifier: Discord webhook error HTTP 404: {"message": "Unknown Webhook", "code": 10015}
2026-07-26 04:00:37,141 WARNING notifier: Discord rate limited; retrying in 0.30s
2026-07-26 04:00:37,627 ERROR notifier: Discord webhook error HTTP 404: {"message": "Unknown Webhook", "code": 10015}
2026-07-26 04:00:37,720 ERROR notifier: Discord webhook error HTTP 404: {"message": "Unknown Webhook", "code": 10015}
2026-07-26 04:00:37,762 WARNING checker: sxy: giving up after 5 attempts (HTTP 429)
2026-07-26 04:00:37,805 WARNING notifier: Discord rate limited; retrying in 0.30s
2026-07-26 04:00:38,283 ERROR notifier: Discord webhook error HTTP 404: {"message": "Unknown Webhook", "code": 10015}
2026-07-26 04:00:38,361 WARNING notifier: Discord rate limited; retrying in 0.30s
2026-07-26 04:00:38,840 ERROR notifier: Discord webhook error HTTP 404: {"message": "Unknown Webhook", "code": 10015}
2026-07-26 04:00:38,926 ERROR notifier: Discord webhook error HTTP 404: {"message": "Unknown Webhook", "code": 10015}
2026-07-26 04:00:39,051 WARNING notifier: Discord rate limited; retrying in 0.30s
2026-07-26 04:00:39,538 ERROR notifier: Discord webhook error HTTP 404: {"message": "Unknown Webhook", "code": 10015}
2026-07-26 04:00:39,697 ERROR notifier: Discord webhook error HTTP 404: {"message": "Unknown Webhook", "code": 10015}
2026-07-26 04:00:39,779 WARNING notifier: Discord rate limited; retrying in 0.30s
2026-07-26 04:00:40,305 ERROR notifier: Discord webhook error HTTP 404: {"message": "Unknown Webhook", "code": 10015}
2026-07-26 04:00:40,416 ERROR notifier: Discord webhook error HTTP 404: {"message": "Unknown Webhook", "code": 10015}
2026-07-26 04:00:40,496 WARNING notifier: Discord rate limited; retrying in 0.30s
2026-07-26 04:00:40,991 ERROR notifier: Discord webhook error HTTP 404: {"message": "Unknown Webhook", "code": 10015}
2026-07-26 04:00:41,073 WARNING notifier: Discord rate limited; retrying in 0.30s
2026-07-26 04:00:41,577 ERROR notifier: Discord webhook error HTTP 404: {"message": "Unknown Webhook", "code": 10015}
2026-07-26 04:00:41,671 ERROR notifier: Discord webhook error HTTP 404: {"message": "Unknown Webhook", "code": 10015}
2026-07-26 04:00:41,767 WARNING notifier: Discord rate limited; retrying in 0.30s
2026-07-26 04:00:42,273 ERROR notifier: Discord webhook error HTTP 404: {"message": "Unknown Webhook", "code": 10015}
2026-07-26 04:00:42,359 WARNING notifier: Discord rate limited; retrying in 0.30s
2026-07-26 04:00:42,857 ERROR notifier: Discord webhook error HTTP 404: {"message": "Unknown Webhook", "code": 10015}
2026-07-26 04:00:42,931 WARNING checker: 3s8: giving up after 5 attempts (HTTP 429)
2026-07-26 04:00:42,953 ERROR notifier: Discord webhook error HTTP 404: {"message": "Unknown Webhook", "code": 10015}
2026-07-26 04:00:43,042 WARNING notifier: Discord rate limited; retrying in 0.30s
2026-07-26 04:00:43,540 ERROR notifier: Discord webhook error HTTP 404: {"message": "Unknown Webhook", "code": 10015}
2026-07-26 04:00:43,626 ERROR notifier: Discord webhook error HTTP 404: {"message": "Unknown Webhook", "code": 10015}
2026-07-26 04:00:43,706 WARNING notifier: Discord rate limited; retrying in 0.30s
2026-07-26 04:00:43,794 WARNING checker: zn0: giving up after 5 attempts (HTTP 429)
2026-07-26 04:00:44,197 ERROR notifier: Discord webhook error HTTP 404: {"message": "Unknown Webhook", "code": 10015}
2026-07-26 04:00:44,274 WARNING notifier: Discord rate limited; retrying in 0.30s
2026-07-26 04:00:44,781 ERROR notifier: Discord webhook error HTTP 404: {"message": "Unknown Webhook", "code": 10015}
2026-07-26 04:00:44,867 ERROR notifier: Discord webhook error HTTP 404: {"message": "Unknown Webhook", "code": 10015}
2026-07-26 04:00:44,941 WARNING notifier: Discord rate limited; retrying in 0.30s
2026-07-26 04:00:45,465 ERROR notifier: Discord webhook error HTTP 404: {"message": "Unknown Webhook", "code": 10015}
2026-07-26 04:00:45,548 WARNING notifier: Discord rate limited; retrying in 0.30s
2026-07-26 04:00:46,068 WARNING checker: 2k3: giving up after 5 attempts (HTTP 429)
2026-07-26 04:00:46,108 ERROR notifier: Discord webhook error HTTP 404: {"message": "Unknown Webhook", "code": 10015}
2026-07-26 04:00:46,198 ERROR notifier: Discord webhook error HTTP 404: {"message": "Unknown Webhook", "code": 10015}
2026-07-26 04:00:46,305 WARNING notifier: Discord rate limited; retrying in 0.30s
2026-07-26 04:00:46,803 ERROR notifier: Discord webhook error HTTP 404: {"message": "Unknown Webhook", "code": 10015}
2026-07-26 04:00:46,927 ERROR notifier: Discord webhook error HTTP 404: {"message": "Unknown Webhook", "code": 10015}
2026-07-26 04:00:47,008 WARNING notifier: Discord rate limited; retrying in 0.30s
2026-07-26 04:00:47,510 ERROR notifier: Discord webhook error HTTP 404: {"message": "Unknown Webhook", "code": 10015}
2026-07-26 04:00:47,610 ERROR notifier: Discord webhook error HTTP 404: {"message": "Unknown Webhook", "code": 10015}
2026-07-26 04:00:47,686 WARNING notifier: Discord rate limited; retrying in 0.30s
2026-07-26 04:00:48,165 ERROR notifier: Discord webhook error HTTP 404: {"message": "Unknown Webhook", "code": 10015}
2026-07-26 04:00:48,251 WARNING notifier: Discord rate limited; retrying in 0.30s
2026-07-26 04:00:48,797 ERROR notifier: Discord webhook error HTTP 404: {"message": "Unknown Webhook", "code": 10015}
2026-07-26 04:00:48,878 INFO main: AVAILABLE: 8as
2026-07-26 04:00:48,902 ERROR notifier: Discord webhook error HTTP 404: {"message": "Unknown Webhook", "code": 10015}
2026-07-26 04:00:48,990 WARNING notifier: Discord rate limited; retrying in 0.30s
2026-07-26 04:00:49,482 ERROR notifier: Discord webhook error HTTP 404: {"message": "Unknown Webhook", "code": 10015}
2026-07-26 04:00:49,570 WARNING notifier: Discord rate limited; retrying in 0.30s
2026-07-26 04:00:50,080 ERROR notifier: Discord webhook error HTTP 404: {"message": "Unknown Webhook", "code": 10015}
2026-07-26 04:00:50,184 ERROR notifier: Discord webhook error HTTP 404: {"message": "Unknown Webhook", "code": 10015}
2026-07-26 04:00:50,264 WARNING notifier: Discord rate limited; retrying in 0.30s
2026-07-26 04:00:50,760 ERROR notifier: Discord webhook error HTTP 404: {"message": "Unknown Webhook", "code": 10015}
2026-07-26 04:00:50,874 ERROR notifier: Discord webhook error HTTP 404: {"message": "Unknown Webhook", "code": 10015}
2026-07-26 04:00:50,957 WARNING notifier: Discord rate limited; retrying in 0.30s
2026-07-26 04:00:51,457 ERROR notifier: Discord webhook error HTTP 404: {"message": "Unknown Webhook", "code": 10015}
2026-07-26 04:00:51,538 WARNING notifier: Discord rate limited; retrying in 0.30s
2026-07-26 04:00:51,790 INFO main: AVAILABLE: 1r3
2026-07-26 04:00:52,036 ERROR notifier: Discord webhook error HTTP 404: {"message": "Unknown Webhook", "code": 10015}
2026-07-26 04:00:52,120 ERROR notifier: Discord webhook error HTTP 404: {"message": "Unknown Webhook", "code": 10015}
2026-07-26 04:00:52,208 WARNING notifier: Discord rate limited; retrying in 0.30s
2026-07-26 04:00:52,724 ERROR notifier: Discord webhook error HTTP 404: {"message": "Unknown Webhook", "code": 10015}
2026-07-26 04:00:52,825 ERROR notifier: Discord webhook error HTTP 404: {"message": "Unknown Webhook", "code": 10015}
2026-07-26 04:00:52,918 WARNING notifier: Discord rate limited; retrying in 0.30s
2026-07-26 04:00:53,401 ERROR notifier: Discord webhook error HTTP 404: {"message": "Unknown Webhook", "code": 10015}
2026-07-26 04:00:53,500 WARNING notifier: Discord rate limited; retrying in 0.30s
2026-07-26 04:00:53,841 INFO main: AVAILABLE: fq0
2026-07-26 04:00:54,035 ERROR notifier: Discord webhook error HTTP 404: {"message": "Unknown Webhook", "code": 10015}
2026-07-26 04:00:54,141 ERROR notifier: Discord webhook error HTTP 404: {"message": "Unknown Webhook", "code": 10015}
2026-07-26 04:00:54,249 WARNING notifier: Discord rate limited; retrying in 0.30s
2026-07-26 04:00:54,736 ERROR notifier: Discord webhook error HTTP 404: {"message": "Unknown Webhook", "code": 10015}
2026-07-26 04:00:54,825 ERROR notifier: Discord webhook error HTTP 404: {"message": "Unknown Webhook", "code": 10015}
2026-07-26 04:00:54,908 WARNING notifier: Discord rate limited; retrying in 0.30s
2026-07-26 04:00:55,386 ERROR notifier: Discord webhook error HTTP 404: {"message": "Unknown Webhook", "code": 10015}
2026-07-26 04:00:55,470 WARNING notifier: Discord rate limited; retrying in 0.30s
2026-07-26 04:00:55,954 ERROR notifier: Discord webhook error HTTP 404: {"message": "Unknown Webhook", "code": 10015}
2026-07-26 04:00:56,041 ERROR notifier: Discord webhook error HTTP 404: {"message": "Unknown Webhook", "code": 10015}
2026-07-26 04:00:56,118 WARNING notifier: Discord rate limited; retrying in 0.30s
2026-07-26 04:00:56,618 ERROR notifier: Discord webhook error HTTP 404: {"message": "Unknown Webhook", "code": 10015}
2026-07-26 04:00:56,698 WARNING notifier: Discord rate limited; retrying in 0.30s
2026-07-26 04:00:57,168 ERROR notifier: Discord webhook error HTTP 404: {"message": "Unknown Webhook", "code": 10015}
2026-07-26 04:00:57,257 ERROR notifier: Discord webhook error HTTP 404: {"message": "Unknown Webhook", "code": 10015}
2026-07-26 04:00:57,344 WARNING notifier: Discord rate limited; retrying in 0.30s
2026-07-26 04:00:57,826 ERROR notifier: Discord webhook error HTTP 404: {"message": "Unknown Webhook", "code": 10015}
2026-07-26 04:00:57,905 WARNING notifier: Discord rate limited; retrying in 0.30s
2026-07-26 04:00:58,397 ERROR notifier: Discord webhook error HTTP 404: {"message": "Unknown Webhook", "code": 10015}
2026-07-26 04:00:58,595 ERROR notifier: Discord webhook error HTTP 404: {"message": "Unknown Webhook", "code": 10015}
2026-07-26 04:00:58,698 WARNING notifier: Discord rate limited; retrying in 0.30s
2026-07-26 04:00:59,190 ERROR notifier: Discord webhook error HTTP 404: {"message": "Unknown Webhook", "code": 10015}
2026-07-26 04:00:59,282 ERROR notifier: Discord webhook error HTTP 404: {"message": "Unknown Webhook", "code": 10015}
2026-07-26 04:00:59,374 WARNING notifier: Discord rate limited; retrying in 0.30s
2026-07-26 04:00:59,869 ERROR notifier: Discord webhook error HTTP 404: {"message": "Unknown Webhook", "code": 10015}
2026-07-26 04:00:59,950 WARNING notifier: Discord rate limited; retrying in 0.30s
2026-07-26 04:01:00,435 ERROR notifier: Discord webhook error HTTP 404: {"message": "Unknown Webhook", "code": 10015}
2026-07-26 04:01:00,526 ERROR notifier: Discord webhook error HTTP 404: {"message": "Unknown Webhook", "code": 10015}
2026-07-26 04:01:00,605 WARNING notifier: Discord rate limited; retrying in 0.30s
2026-07-26 04:01:01,104 ERROR notifier: Discord webhook error HTTP 404: {"message": "Unknown Webhook", "code": 10015}
2026-07-26 04:01:01,195 ERROR notifier: Discord webhook error HTTP 404: {"message": "Unknown Webhook", "code": 10015}
2026-07-26 04:01:01,320 WARNING notifier: Discord rate limited; retrying in 0.30s
2026-07-26 04:01:01,820 ERROR notifier: Discord webhook error HTTP 404: {"message": "Unknown Webhook", "code": 10015}
2026-07-26 04:01:01,906 WARNING notifier: Discord rate limited; retrying in 0.30s
2026-07-26 04:01:02,402 ERROR notifier: Discord webhook error HTTP 404: {"message": "Unknown Webhook", "code": 10015}
2026-07-26 04:01:02,483 ERROR notifier: Discord webhook error HTTP 404: {"message": "Unknown Webhook", "code": 10015}
2026-07-26 04:01:02,593 WARNING notifier: Discord rate limited; retrying in 0.30s
2026-07-26 04:01:03,054 ERROR notifier: Discord webhook error HTTP 404: {"message": "Unknown Webhook", "code": 10015}
2026-07-26 04:01:03,137 WARNING notifier: Discord rate limited; retrying in 0.30s
2026-07-26 04:01:03,615 ERROR notifier: Discord webhook error HTTP 404: {"message": "Unknown Webhook", "code": 10015}
2026-07-26 04:01:03,724 ERROR notifier: Discord webhook error HTTP 404: {"message": "Unknown Webhook", "code": 10015}
2026-07-26 04:01:03,833 WARNING notifier: Discord rate limited; retrying in 0.30s
2026-07-26 04:01:04,368 ERROR notifier: Discord webhook error HTTP 404: {"message": "Unknown Webhook", "code": 10015}
2026-07-26 04:01:04,456 ERROR notifier: Discord webhook error HTTP 404: {"message": "Unknown Webhook", "code": 10015}
2026-07-26 04:01:04,542 WARNING notifier: Discord rate limited; retrying in 0.30s
2026-07-26 04:01:05,045 ERROR notifier: Discord webhook error HTTP 404: {"message": "Unknown Webhook", "code": 10015}
2026-07-26 04:01:05,143 WARNING notifier: Discord rate limited; retrying in 0.30s
2026-07-26 04:01:05,638 ERROR notifier: Discord webhook error HTTP 404: {"message": "Unknown Webhook", "code": 10015}
2026-07-26 04:01:05,744 ERROR notifier: Discord webhook error HTTP 404: {"message": "Unknown Webhook", "code": 10015}
2026-07-26 04:01:05,821 WARNING notifier: Discord rate limited; retrying in 0.30s
2026-07-26 04:01:05,960 INFO main: AVAILABLE: 6d8
2026-07-26 04:01:06,310 ERROR notifier: Discord webhook error HTTP 404: {"message": "Unknown Webhook", "code": 10015}
2026-07-26 04:01:06,462 ERROR notifier: Discord webhook error HTTP 404: {"message": "Unknown Webhook", "code": 10015}
2026-07-26 04:01:06,541 WARNING notifier: Discord rate limited; retrying in 0.30s
2026-07-26 04:01:06,793 INFO main: AVAILABLE: h6q
2026-07-26 04:01:07,042 ERROR notifier: Discord webhook error HTTP 404: {"message": "Unknown Webhook", "code": 10015}
2026-07-26 04:01:07,130 WARNING notifier: Discord rate limited; retrying in 0.30s
2026-07-26 04:01:07,617 ERROR notifier: Discord webhook error HTTP 404: {"message": "Unknown Webhook", "code": 10015}
2026-07-26 04:01:07,702 ERROR notifier: Discord webhook error HTTP 404: {"message": "Unknown Webhook", "code": 10015}
2026-07-26 04:01:07,779 WARNING notifier: Discord rate limited; retrying in 0.30s
2026-07-26 04:01:08,256 ERROR notifier: Discord webhook error HTTP 404: {"message": "Unknown Webhook", "code": 10015}
2026-07-26 04:01:08,358 WARNING notifier: Discord rate limited; retrying in 0.30s
2026-07-26 04:01:08,837 ERROR notifier: Discord webhook error HTTP 404: {"message": "Unknown Webhook", "code": 10015}
2026-07-26 04:01:08,928 ERROR notifier: Discord webhook error HTTP 404: {"message": "Unknown Webhook", "code": 10015}
2026-07-26 04:01:09,008 WARNING notifier: Discord rate limited; retrying in 0.30s
2026-07-26 04:01:09,584 ERROR notifier: Discord webhook error HTTP 404: {"message": "Unknown Webhook", "code": 10015}
2026-07-26 04:01:09,690 ERROR notifier: Discord webhook error HTTP 404: {"message": "Unknown Webhook", "code": 10015}
2026-07-26 04:01:09,767 WARNING notifier: Discord rate limited; retrying in 0.30s
2026-07-26 04:01:10,258 ERROR notifier: Discord webhook error HTTP 404: {"message": "Unknown Webhook", "code": 10015}
2026-07-26 04:01:10,344 WARNING notifier: Discord rate limited; retrying in 0.30s
2026-07-26 04:01:10,822 ERROR notifier: Discord webhook error HTTP 404: {"message": "Unknown Webhook", "code": 10015}
2026-07-26 04:01:10,910 ERROR notifier: Discord webhook error HTTP 404: {"message": "Unknown Webhook", "code": 10015}
2026-07-26 04:01:10,994 WARNING notifier: Discord rate limited; retrying in 0.30s
2026-07-26 04:01:11,489 ERROR notifier: Discord webhook error HTTP 404: {"message": "Unknown Webhook", "code": 10015}
2026-07-26 04:01:11,589 ERROR notifier: Discord webhook error HTTP 404: {"message": "Unknown Webhook", "code": 10015}
2026-07-26 04:01:11,673 WARNING notifier: Discord rate limited; retrying in 0.30s
2026-07-26 04:01:11,741 INFO main: AVAILABLE: vg6
2026-07-26 04:01:12,022 INFO main: AVAILABLE: eb9
2026-07-26 04:01:12,162 ERROR notifier: Discord webhook error HTTP 404: {"message": "Unknown Webhook", "code": 10015}
2026-07-26 04:01:12,240 WARNING notifier: Discord rate limited; retrying in 0.30s
2026-07-26 04:01:12,318 INFO main: AVAILABLE: 9q5
2026-07-26 04:01:12,732 ERROR notifier: Discord webhook error HTTP 404: {"message": "Unknown Webhook", "code": 10015}
2026-07-26 04:01:12,832 ERROR notifier: Discord webhook error HTTP 404: {"message": "Unknown Webhook", "code": 10015}
2026-07-26 04:01:12,917 WARNING notifier: Discord rate limited; retrying in 0.30s
2026-07-26 04:01:13,398 INFO main: AVAILABLE: d9c
2026-07-26 04:01:13,410 ERROR notifier: Discord webhook error HTTP 404: {"message": "Unknown Webhook", "code": 10015}
2026-07-26 04:01:13,527 WARNING notifier: Discord rate limited; retrying in 0.30s
2026-07-26 04:01:14,014 ERROR notifier: Discord webhook error HTTP 404: {"message": "Unknown Webhook", "code": 10015}
2026-07-26 04:01:14,102 ERROR notifier: Discord webhook error HTTP 404: {"message": "Unknown Webhook", "code": 10015}
2026-07-26 04:01:14,177 WARNING notifier: Discord rate limited; retrying in 0.30s
2026-07-26 04:01:14,311 INFO main: AVAILABLE: v6y
2026-07-26 04:01:14,673 ERROR notifier: Discord webhook error HTTP 404: {"message": "Unknown Webhook", "code": 10015}
2026-07-26 04:01:14,768 WARNING notifier: Discord rate limited; retrying in 0.30s
2026-07-26 04:01:15,258 ERROR notifier: Discord webhook error HTTP 404: {"message": "Unknown Webhook", "code": 10015}
2026-07-26 04:01:15,364 ERROR notifier: Discord webhook error HTTP 404: {"message": "Unknown Webhook", "code": 10015}
2026-07-26 04:01:15,464 WARNING notifier: Discord rate limited; retrying in 0.30s
2026-07-26 04:01:15,949 ERROR notifier: Discord webhook error HTTP 404: {"message": "Unknown Webhook", "code": 10015}
2026-07-26 04:01:16,062 ERROR notifier: Discord webhook error HTTP 404: {"message": "Unknown Webhook", "code": 10015}
2026-07-26 04:01:16,136 WARNING notifier: Discord rate limited; retrying in 0.30s
2026-07-26 04:01:16,665 ERROR notifier: Discord webhook error HTTP 404: {"message": "Unknown Webhook", "code": 10015}
2026-07-26 04:01:16,695 INFO main: AVAILABLE: 7b1
2026-07-26 04:01:16,746 WARNING notifier: Discord rate limited; retrying in 0.30s
2026-07-26 04:01:17,224 ERROR notifier: Discord webhook error HTTP 404: {"message": "Unknown Webhook", "code": 10015}
2026-07-26 04:01:17,308 ERROR notifier: Discord webhook error HTTP 404: {"message": "Unknown Webhook", "code": 10015}
2026-07-26 04:01:17,390 WARNING notifier: Discord rate limited; retrying in 0.30s
2026-07-26 04:01:17,861 ERROR notifier: Discord webhook error HTTP 404: {"message": "Unknown Webhook", "code": 10015}
2026-07-26 04:01:17,948 WARNING notifier: Discord rate limited; retrying in 0.30s
2026-07-26 04:01:18,454 ERROR notifier: Discord webhook error HTTP 404: {"message": "Unknown Webhook", "code": 10015}
2026-07-26 04:01:18,537 ERROR notifier: Discord webhook error HTTP 404: {"message": "Unknown Webhook", "code": 10015}
2026-07-26 04:01:18,623 WARNING notifier: Discord rate limited; retrying in 0.30s
2026-07-26 04:01:19,119 ERROR notifier: Discord webhook error HTTP 404: {"message": "Unknown Webhook", "code": 10015}
2026-07-26 04:01:19,205 ERROR notifier: Discord webhook error HTTP 404: {"message": "Unknown Webhook", "code": 10015}
2026-07-26 04:01:19,284 WARNING notifier: Discord rate limited; retrying in 0.30s
2026-07-26 04:01:19,768 ERROR notifier: Discord webhook error HTTP 404: {"message": "Unknown Webhook", "code": 10015}
2026-07-26 04:01:19,842 WARNING notifier: Discord rate limited; retrying in 0.30s
2026-07-26 04:01:20,338 ERROR notifier: Discord webhook error HTTP 404: {"message": "Unknown Webhook", "code": 10015}
2026-07-26 04:01:20,420 ERROR notifier: Discord webhook error HTTP 404: {"message": "Unknown Webhook", "code": 10015}
2026-07-26 04:01:20,501 WARNING notifier: Discord rate limited; retrying in 0.30s
2026-07-26 04:01:21,004 ERROR notifier: Discord webhook error HTTP 404: {"message": "Unknown Webhook", "code": 10015}
2026-07-26 04:01:21,077 WARNING notifier: Discord rate limited; retrying in 0.30s
2026-07-26 04:01:21,450 INFO main: AVAILABLE: 5qf
2026-07-26 04:01:21,573 ERROR notifier: Discord webhook error HTTP 404: {"message": "Unknown Webhook", "code": 10015}
2026-07-26 04:01:21,662 ERROR notifier: Discord webhook error HTTP 404: {"message": "Unknown Webhook", "code": 10015}
2026-07-26 04:01:21,758 WARNING notifier: Discord rate limited; retrying in 0.30s
2026-07-26 04:01:22,263 ERROR notifier: Discord webhook error HTTP 404: {"message": "Unknown Webhook", "code": 10015}
2026-07-26 04:01:22,356 WARNING notifier: Discord rate limited; retrying in 0.30s
2026-07-26 04:01:22,882 ERROR notifier: Discord webhook error HTTP 404: {"message": "Unknown Webhook", "code": 10015}
2026-07-26 04:01:22,982 ERROR notifier: Discord webhook error HTTP 404: {"message": "Unknown Webhook", "code": 10015}
2026-07-26 04:01:23,061 WARNING notifier: Discord rate limited; retrying in 0.30s
2026-07-26 04:01:23,548 ERROR notifier: Discord webhook error HTTP 404: {"message": "Unknown Webhook", "code": 10015}
2026-07-26 04:01:23,640 ERROR notifier: Discord webhook error HTTP 404: {"message": "Unknown Webhook", "code": 10015}
2026-07-26 04:01:23,727 WARNING notifier: Discord rate limited; retrying in 0.30s
2026-07-26 04:01:24,208 ERROR notifier: Discord webhook error HTTP 404: {"message": "Unknown Webhook", "code": 10015}
2026-07-26 04:01:24,299 WARNING notifier: Discord rate limited; retrying in 0.30s
2026-07-26 04:01:24,791 ERROR notifier: Discord webhook error HTTP 404: {"message": "Unknown Webhook", "code": 10015}
2026-07-26 04:01:24,886 ERROR notifier: Discord webhook error HTTP 404: {"message": "Unknown Webhook", "code": 10015}
2026-07-26 04:01:24,960 WARNING notifier: Discord rate limited; retrying in 0.30s
2026-07-26 04:01:25,466 ERROR notifier: Discord webhook error HTTP 404: {"message": "Unknown Webhook", "code": 10015}
2026-07-26 04:01:25,554 WARNING notifier: Discord rate limited; retrying in 0.30s
2026-07-26 04:01:26,053 ERROR notifier: Discord webhook error HTTP 404: {"message": "Unknown Webhook", "code": 10015}
2026-07-26 04:01:26,134 ERROR notifier: Discord webhook error HTTP 404: {"message": "Unknown Webhook", "code": 10015}
2026-07-26 04:01:26,210 WARNING notifier: Discord rate limited; retrying in 0.30s
2026-07-26 04:01:26,541 INFO main: AVAILABLE: uo8
2026-07-26 04:01:26,711 ERROR notifier: Discord webhook error HTTP 404: {"message": "Unknown Webhook", "code": 10015}
2026-07-26 04:01:26,794 ERROR notifier: Discord webhook error HTTP 404: {"message": "Unknown Webhook", "code": 10015}
2026-07-26 04:01:26,878 WARNING notifier: Discord rate limited; retrying in 0.30s
2026-07-26 04:01:27,367 ERROR notifier: Discord webhook error HTTP 404: {"message": "Unknown Webhook", "code": 10015}
2026-07-26 04:01:27,444 WARNING notifier: Discord rate limited; retrying in 0.30s
2026-07-26 04:01:27,933 ERROR notifier: Discord webhook error HTTP 404: {"message": "Unknown Webhook", "code": 10015}
2026-07-26 04:01:28,034 ERROR notifier: Discord webhook error HTTP 404: {"message": "Unknown Webhook", "code": 10015}
2026-07-26 04:01:28,149 WARNING notifier: Discord rate limited; retrying in 0.30s
2026-07-26 04:01:28,634 ERROR notifier: Discord webhook error HTTP 404: {"message": "Unknown Webhook", "code": 10015}
2026-07-26 04:01:28,724 WARNING notifier: Discord rate limited; retrying in 0.30s
2026-07-26 04:01:29,236 ERROR notifier: Discord webhook error HTTP 404: {"message": "Unknown Webhook", "code": 10015}
2026-07-26 04:01:29,375 ERROR notifier: Discord webhook error HTTP 404: {"message": "Unknown Webhook", "code": 10015}
2026-07-26 04:01:29,474 WARNING notifier: Discord rate limited; retrying in 0.30s
2026-07-26 04:01:29,991 ERROR notifier: Discord webhook error HTTP 404: {"message": "Unknown Webhook", "code": 10015}
2026-07-26 04:01:30,087 ERROR notifier: Discord webhook error HTTP 404: {"message": "Unknown Webhook", "code": 10015}
2026-07-26 04:01:30,167 WARNING notifier: Discord rate limited; retrying in 0.30s
2026-07-26 04:01:30,640 ERROR notifier: Discord webhook error HTTP 404: {"message": "Unknown Webhook", "code": 10015}
2026-07-26 04:01:30,733 WARNING notifier: Discord rate limited; retrying in 0.30s
2026-07-26 04:01:31,220 ERROR notifier: Discord webhook error HTTP 404: {"message": "Unknown Webhook", "code": 10015}
2026-07-26 04:01:31,305 ERROR notifier: Discord webhook error HTTP 404: {"message": "Unknown Webhook", "code": 10015}
2026-07-26 04:01:31,383 WARNING notifier: Discord rate limited; retrying in 0.30s
2026-07-26 04:01:31,859 ERROR notifier: Discord webhook error HTTP 404: {"message": "Unknown Webhook", "code": 10015}
2026-07-26 04:01:31,937 WARNING notifier: Discord rate limited; retrying in 0.30s
2026-07-26 04:01:32,446 ERROR notifier: Discord webhook error HTTP 404: {"message": "Unknown Webhook", "code": 10015}
2026-07-26 04:01:32,532 ERROR notifier: Discord webhook error HTTP 404: {"message": "Unknown Webhook", "code": 10015}
2026-07-26 04:01:32,611 WARNING notifier: Discord rate limited; retrying in 0.30s
2026-07-26 04:01:33,093 ERROR notifier: Discord webhook error HTTP 404: {"message": "Unknown Webhook", "code": 10015}
2026-07-26 04:01:33,189 ERROR notifier: Discord webhook error HTTP 404: {"message": "Unknown Webhook", "code": 10015}
2026-07-26 04:01:33,272 WARNING notifier: Discord rate limited; retrying in 0.30s
2026-07-26 04:01:33,767 ERROR notifier: Discord webhook error HTTP 404: {"message": "Unknown Webhook", "code": 10015}
2026-07-26 04:01:33,850 WARNING notifier: Discord rate limited; retrying in 0.30s
2026-07-26 04:01:34,348 ERROR notifier: Discord webhook error HTTP 404: {"message": "Unknown Webhook", "code": 10015}
2026-07-26 04:01:34,451 ERROR notifier: Discord webhook error HTTP 404: {"message": "Unknown Webhook", "code": 10015}
2026-07-26 04:01:34,529 WARNING notifier: Discord rate limited; retrying in 0.30s
2026-07-26 04:01:35,021 ERROR notifier: Discord webhook error HTTP 404: {"message": "Unknown Webhook", "code": 10015}
2026-07-26 04:01:35,102 WARNING notifier: Discord rate limited; retrying in 0.30s
2026-07-26 04:01:35,651 ERROR notifier: Discord webhook error HTTP 404: {"message": "Unknown Webhook", "code": 10015}
2026-07-26 04:01:35,737 ERROR notifier: Discord webhook error HTTP 404: {"message": "Unknown Webhook", "code": 10015}
2026-07-26 04:01:35,814 WARNING notifier: Discord rate limited; retrying in 0.30s
2026-07-26 04:01:36,303 ERROR notifier: Discord webhook error HTTP 404: {"message": "Unknown Webhook", "code": 10015}
2026-07-26 04:01:36,389 ERROR notifier: Discord webhook error HTTP 404: {"message": "Unknown Webhook", "code": 10015}
2026-07-26 04:01:36,464 WARNING notifier: Discord rate limited; retrying in 0.31s
2026-07-26 04:01:36,988 ERROR notifier: Discord webhook error HTTP 404: {"message": "Unknown Webhook", "code": 10015}
2026-07-26 04:01:37,065 WARNING notifier: Discord rate limited; retrying in 0.30s
2026-07-26 04:01:37,108 WARNING checker: 4zp: giving up after 5 attempts (HTTP 429)
2026-07-26 04:01:37,568 ERROR notifier: Discord webhook error HTTP 404: {"message": "Unknown Webhook", "code": 10015}
2026-07-26 04:01:37,568 WARNING checker: un0: giving up after 5 attempts (HTTP 429)
2026-07-26 04:01:37,660 ERROR notifier: Discord webhook error HTTP 404: {"message": "Unknown Webhook", "code": 10015}
2026-07-26 04:01:37,743 WARNING notifier: Discord rate limited; retrying in 0.30s
2026-07-26 04:01:38,226 ERROR notifier: Discord webhook error HTTP 404: {"message": "Unknown Webhook", "code": 10015}
2026-07-26 04:01:38,303 WARNING notifier: Discord rate limited; retrying in 0.30s
2026-07-26 04:01:38,474 WARNING checker: w01: giving up after 5 attempts (HTTP 429)
2026-07-26 04:01:38,799 ERROR notifier: Discord webhook error HTTP 404: {"message": "Unknown Webhook", "code": 10015}
2026-07-26 04:01:38,888 ERROR notifier: Discord webhook error HTTP 404: {"message": "Unknown Webhook", "code": 10015}
2026-07-26 04:01:38,982 WARNING notifier: Discord rate limited; retrying in 0.30s
2026-07-26 04:01:39,464 ERROR notifier: Discord webhook error HTTP 404: {"message": "Unknown Webhook", "code": 10015}
2026-07-26 04:01:39,544 WARNING notifier: Discord rate limited; retrying in 0.30s
2026-07-26 04:01:40,010 ERROR notifier: Discord webhook error HTTP 404: {"message": "Unknown Webhook", "code": 10015}
2026-07-26 04:01:40,092 ERROR notifier: Discord webhook error HTTP 404: {"message": "Unknown Webhook", "code": 10015}
2026-07-26 04:01:40,774 ERROR notifier: Discord webhook error HTTP 404: {"message": "Unknown Webhook", "code": 10015}
2026-07-26 04:01:40,873 ERROR notifier: Discord webhook error HTTP 404: {"message": "Unknown Webhook", "code": 10015}
2026-07-26 04:01:40,953 WARNING notifier: Discord rate limited; retrying in 0.30s
2026-07-26 04:01:41,446 ERROR notifier: Discord webhook error HTTP 404: {"message": "Unknown Webhook", "code": 10015}
2026-07-26 04:01:41,529 WARNING notifier: Discord rate limited; retrying in 0.30s
2026-07-26 04:01:42,041 ERROR notifier: Discord webhook error HTTP 404: {"message": "Unknown Webhook", "code": 10015}
2026-07-26 04:01:42,130 ERROR notifier: Discord webhook error HTTP 404: {"message": "Unknown Webhook", "code": 10015}
2026-07-26 04:01:42,207 WARNING notifier: Discord rate limited; retrying in 0.30s
2026-07-26 04:01:42,699 ERROR notifier: Discord webhook error HTTP 404: {"message": "Unknown Webhook", "code": 10015}
2026-07-26 04:01:42,781 ERROR notifier: Discord webhook error HTTP 404: {"message": "Unknown Webhook", "code": 10015}
2026-07-26 04:01:42,899 WARNING notifier: Discord rate limited; retrying in 0.30s
2026-07-26 04:01:43,395 ERROR notifier: Discord webhook error HTTP 404: {"message": "Unknown Webhook", "code": 10015}
2026-07-26 04:01:43,479 WARNING notifier: Discord rate limited; retrying in 0.30s
2026-07-26 04:01:43,902 WARNING checker: 6f1: giving up after 5 attempts (HTTP 429)
2026-07-26 04:01:43,967 ERROR notifier: Discord webhook error HTTP 404: {"message": "Unknown Webhook", "code": 10015}
2026-07-26 04:01:44,053 ERROR notifier: Discord webhook error HTTP 404: {"message": "Unknown Webhook", "code": 10015}
2026-07-26 04:01:44,152 WARNING notifier: Discord rate limited; retrying in 0.30s
2026-07-26 04:01:44,215 WARNING checker: r0l: giving up after 5 attempts (HTTP 429)
2026-07-26 04:01:44,636 ERROR notifier: Discord webhook error HTTP 404: {"message": "Unknown Webhook", "code": 10015}
2026-07-26 04:01:44,721 WARNING notifier: Discord rate limited; retrying in 0.30s
2026-07-26 04:01:45,200 ERROR notifier: Discord webhook error HTTP 404: {"message": "Unknown Webhook", "code": 10015}
2026-07-26 04:01:45,285 ERROR notifier: Discord webhook error HTTP 404: {"message": "Unknown Webhook", "code": 10015}
2026-07-26 04:01:45,378 WARNING notifier: Discord rate limited; retrying in 0.30s
2026-07-26 04:01:45,857 ERROR notifier: Discord webhook error HTTP 404: {"message": "Unknown Webhook", "code": 10015}
2026-07-26 04:01:45,912 WARNING checker: w38: giving up after 5 attempts (HTTP 429)
2026-07-26 04:01:45,937 WARNING notifier: Discord rate limited; retrying in 0.30s
2026-07-26 04:01:46,554 ERROR notifier: Discord webhook error HTTP 404: {"message": "Unknown Webhook", "code": 10015}
2026-07-26 04:01:46,638 ERROR notifier: Discord webhook error HTTP 404: {"message": "Unknown Webhook", "code": 10015}
2026-07-26 04:01:46,724 WARNING notifier: Discord rate limited; retrying in 0.30s
2026-07-26 04:01:47,217 ERROR notifier: Discord webhook error HTTP 404: {"message": "Unknown Webhook", "code": 10015}
2026-07-26 04:01:47,310 ERROR notifier: Discord webhook error HTTP 404: {"message": "Unknown Webhook", "code": 10015}
2026-07-26 04:01:47,385 WARNING notifier: Discord rate limited; retrying in 0.30s
2026-07-26 04:01:47,868 ERROR notifier: Discord webhook error HTTP 404: {"message": "Unknown Webhook", "code": 10015}
2026-07-26 04:01:47,950 WARNING notifier: Discord rate limited; retrying in 0.30s
2026-07-26 04:01:48,442 ERROR notifier: Discord webhook error HTTP 404: {"message": "Unknown Webhook", "code": 10015}
2026-07-26 04:01:48,530 ERROR notifier: Discord webhook error HTTP 404: {"message": "Unknown Webhook", "code": 10015}
2026-07-26 04:01:48,610 WARNING notifier: Discord rate limited; retrying in 0.30s
2026-07-26 04:01:49,096 ERROR notifier: Discord webhook error HTTP 404: {"message": "Unknown Webhook", "code": 10015}
2026-07-26 04:01:49,198 ERROR notifier: Discord webhook error HTTP 404: {"message": "Unknown Webhook", "code": 10015}
2026-07-26 04:01:49,283 WARNING notifier: Discord rate limited; retrying in 0.30s
2026-07-26 04:01:49,601 INFO main: AVAILABLE: 02v
2026-07-26 04:01:49,767 ERROR notifier: Discord webhook error HTTP 404: {"message": "Unknown Webhook", "code": 10015}
2026-07-26 04:01:49,850 WARNING notifier: Discord rate limited; retrying in 0.30s
2026-07-26 04:01:50,347 ERROR notifier: Discord webhook error HTTP 404: {"message": "Unknown Webhook", "code": 10015}
2026-07-26 04:01:50,431 ERROR notifier: Discord webhook error HTTP 404: {"message": "Unknown Webhook", "code": 10015}
2026-07-26 04:01:50,515 WARNING notifier: Discord rate limited; retrying in 0.30s
2026-07-26 04:01:50,633 INFO main: AVAILABLE: 4f6
2026-07-26 04:01:51,016 ERROR notifier: Discord webhook error HTTP 404: {"message": "Unknown Webhook", "code": 10015}
2026-07-26 04:01:51,095 WARNING notifier: Discord rate limited; retrying in 0.30s
2026-07-26 04:01:51,596 ERROR notifier: Discord webhook error HTTP 404: {"message": "Unknown Webhook", "code": 10015}
2026-07-26 04:01:51,681 ERROR notifier: Discord webhook error HTTP 404: {"message": "Unknown Webhook", "code": 10015}
2026-07-26 04:01:51,762 WARNING notifier: Discord rate limited; retrying in 0.30s
2026-07-26 04:01:52,250 ERROR notifier: Discord webhook error HTTP 404: {"message": "Unknown Webhook", "code": 10015}
2026-07-26 04:01:52,323 WARNING notifier: Discord rate limited; retrying in 0.30s
2026-07-26 04:01:52,818 ERROR notifier: Discord webhook error HTTP 404: {"message": "Unknown Webhook", "code": 10015}
2026-07-26 04:01:52,904 ERROR notifier: Discord webhook error HTTP 404: {"message": "Unknown Webhook", "code": 10015}
2026-07-26 04:01:52,975 WARNING notifier: Discord rate limited; retrying in 0.30s
2026-07-26 04:01:53,464 ERROR notifier: Discord webhook error HTTP 404: {"message": "Unknown Webhook", "code": 10015}
2026-07-26 04:01:53,540 WARNING notifier: Discord rate limited; retrying in 0.30s
2026-07-26 04:01:54,038 ERROR notifier: Discord webhook error HTTP 404: {"message": "Unknown Webhook", "code": 10015}
2026-07-26 04:01:54,125 ERROR notifier: Discord webhook error HTTP 404: {"message": "Unknown Webhook", "code": 10015}
2026-07-26 04:01:54,217 WARNING notifier: Discord rate limited; retrying in 0.30s
2026-07-26 04:01:54,698 ERROR notifier: Discord webhook error HTTP 404: {"message": "Unknown Webhook", "code": 10015}
2026-07-26 04:01:54,791 ERROR notifier: Discord webhook error HTTP 404: {"message": "Unknown Webhook", "code": 10015}
2026-07-26 04:01:54,987 WARNING notifier: Discord rate limited; retrying in 0.30s
2026-07-26 04:01:55,470 ERROR notifier: Discord webhook error HTTP 404: {"message": "Unknown Webhook", "code": 10015}
2026-07-26 04:01:55,550 WARNING notifier: Discord rate limited; retrying in 0.30s
2026-07-26 04:01:56,038 ERROR notifier: Discord webhook error HTTP 404: {"message": "Unknown Webhook", "code": 10015}
2026-07-26 04:01:56,138 ERROR notifier: Discord webhook error HTTP 404: {"message": "Unknown Webhook", "code": 10015}
2026-07-26 04:01:56,216 WARNING notifier: Discord rate limited; retrying in 0.30s
2026-07-26 04:01:56,710 INFO main: AVAILABLE: 3nw
2026-07-26 04:01:56,724 ERROR notifier: Discord webhook error HTTP 404: {"message": "Unknown Webhook", "code": 10015}
2026-07-26 04:01:56,805 ERROR notifier: Discord webhook error HTTP 404: {"message": "Unknown Webhook", "code": 10015}
2026-07-26 04:01:56,883 WARNING notifier: Discord rate limited; retrying in 0.30s
2026-07-26 04:01:57,370 ERROR notifier: Discord webhook error HTTP 404: {"message": "Unknown Webhook", "code": 10015}
2026-07-26 04:01:57,449 WARNING notifier: Discord rate limited; retrying in 0.30s
2026-07-26 04:01:57,933 ERROR notifier: Discord webhook error HTTP 404: {"message": "Unknown Webhook", "code": 10015}
2026-07-26 04:01:58,019 ERROR notifier: Discord webhook error HTTP 404: {"message": "Unknown Webhook", "code": 10015}
2026-07-26 04:01:58,102 WARNING notifier: Discord rate limited; retrying in 0.30s
2026-07-26 04:01:58,610 ERROR notifier: Discord webhook error HTTP 404: {"message": "Unknown Webhook", "code": 10015}
2026-07-26 04:01:58,694 WARNING notifier: Discord rate limited; retrying in 0.30s
2026-07-26 04:01:59,186 ERROR notifier: Discord webhook error HTTP 404: {"message": "Unknown Webhook", "code": 10015}
2026-07-26 04:01:59,274 ERROR notifier: Discord webhook error HTTP 404: {"message": "Unknown Webhook", "code": 10015}
2026-07-26 04:01:59,356 WARNING notifier: Discord rate limited; retrying in 0.30s
2026-07-26 04:01:59,848 ERROR notifier: Discord webhook error HTTP 404: {"message": "Unknown Webhook", "code": 10015}
2026-07-26 04:01:59,929 WARNING notifier: Discord rate limited; retrying in 0.30s
2026-07-26 04:02:00,444 ERROR notifier: Discord webhook error HTTP 404: {"message": "Unknown Webhook", "code": 10015}
2026-07-26 04:02:00,567 ERROR notifier: Discord webhook error HTTP 404: {"message": "Unknown Webhook", "code": 10015}
2026-07-26 04:02:00,650 WARNING notifier: Discord rate limited; retrying in 0.30s
2026-07-26 04:02:01,145 ERROR notifier: Discord webhook error HTTP 404: {"message": "Unknown Webhook", "code": 10015}
2026-07-26 04:02:01,241 ERROR notifier: Discord webhook error HTTP 404: {"message": "Unknown Webhook", "code": 10015}
2026-07-26 04:02:01,318 WARNING notifier: Discord rate limited; retrying in 0.30s
2026-07-26 04:02:01,804 ERROR notifier: Discord webhook error HTTP 404: {"message": "Unknown Webhook", "code": 10015}
2026-07-26 04:02:01,890 WARNING notifier: Discord rate limited; retrying in 0.30s
2026-07-26 04:02:02,373 ERROR notifier: Discord webhook error HTTP 404: {"message": "Unknown Webhook", "code": 10015}
2026-07-26 04:02:02,486 ERROR notifier: Discord webhook error HTTP 404: {"message": "Unknown Webhook", "code": 10015}
2026-07-26 04:02:02,564 WARNING notifier: Discord rate limited; retrying in 0.30s
2026-07-26 04:02:03,051 ERROR notifier: Discord webhook error HTTP 404: {"message": "Unknown Webhook", "code": 10015}
2026-07-26 04:02:03,132 WARNING notifier: Discord rate limited; retrying in 0.30s
2026-07-26 04:02:03,640 ERROR notifier: Discord webhook error HTTP 404: {"message": "Unknown Webhook", "code": 10015}
2026-07-26 04:02:03,727 ERROR notifier: Discord webhook error HTTP 404: {"message": "Unknown Webhook", "code": 10015}
2026-07-26 04:02:03,811 WARNING notifier: Discord rate limited; retrying in 0.30s
2026-07-26 04:02:04,320 ERROR notifier: Discord webhook error HTTP 404: {"message": "Unknown Webhook", "code": 10015}
2026-07-26 04:02:04,413 ERROR notifier: Discord webhook error HTTP 404: {"message": "Unknown Webhook", "code": 10015}
2026-07-26 04:02:04,489 WARNING notifier: Discord rate limited; retrying in 0.30s
2026-07-26 04:02:04,990 ERROR notifier: Discord webhook error HTTP 404: {"message": "Unknown Webhook", "code": 10015}
2026-07-26 04:02:05,072 WARNING notifier: Discord rate limited; retrying in 0.30s
2026-07-26 04:02:05,558 ERROR notifier: Discord webhook error HTTP 404: {"message": "Unknown Webhook", "code": 10015}
2026-07-26 04:02:05,665 ERROR notifier: Discord webhook error HTTP 404: {"message": "Unknown Webhook", "code": 10015}
2026-07-26 04:02:05,750 WARNING notifier: Discord rate limited; retrying in 0.30s
2026-07-26 04:02:05,764 INFO main: AVAILABLE: 1f8
2026-07-26 04:02:06,294 ERROR notifier: Discord webhook error HTTP 404: {"message": "Unknown Webhook", "code": 10015}
2026-07-26 04:02:06,381 ERROR notifier: Discord webhook error HTTP 404: {"message": "Unknown Webhook", "code": 10015}
2026-07-26 04:02:06,488 WARNING notifier: Discord rate limited; retrying in 0.31s
2026-07-26 04:02:07,020 ERROR notifier: Discord webhook error HTTP 404: {"message": "Unknown Webhook", "code": 10015}
2026-07-26 04:02:07,117 WARNING notifier: Discord rate limited; retrying in 0.30s
2026-07-26 04:02:07,624 ERROR notifier: Discord webhook error HTTP 404: {"message": "Unknown Webhook", "code": 10015}
2026-07-26 04:02:07,712 ERROR notifier: Discord webhook error HTTP 404: {"message": "Unknown Webhook", "code": 10015}
2026-07-26 04:02:07,851 WARNING notifier: Discord rate limited; retrying in 0.30s
2026-07-26 04:02:08,348 ERROR notifier: Discord webhook error HTTP 404: {"message": "Unknown Webhook", "code": 10015}
2026-07-26 04:02:08,417 INFO main: AVAILABLE: uz2
2026-07-26 04:02:08,440 ERROR notifier: Discord webhook error HTTP 404: {"message": "Unknown Webhook", "code": 10015}
2026-07-26 04:02:08,521 WARNING notifier: Discord rate limited; retrying in 0.30s
2026-07-26 04:02:09,022 ERROR notifier: Discord webhook error HTTP 404: {"message": "Unknown Webhook", "code": 10015}
2026-07-26 04:02:09,107 WARNING notifier: Discord rate limited; retrying in 0.30s
2026-07-26 04:02:09,598 ERROR notifier: Discord webhook error HTTP 404: {"message": "Unknown Webhook", "code": 10015}
2026-07-26 04:02:09,685 ERROR notifier: Discord webhook error HTTP 404: {"message": "Unknown Webhook", "code": 10015}
2026-07-26 04:02:09,773 WARNING notifier: Discord rate limited; retrying in 0.30s
2026-07-26 04:02:10,306 ERROR notifier: Discord webhook error HTTP 404: {"message": "Unknown Webhook", "code": 10015}
2026-07-26 04:02:10,386 ERROR notifier: Discord webhook error HTTP 404: {"message": "Unknown Webhook", "code": 10015}
2026-07-26 04:02:10,500 WARNING notifier: Discord rate limited; retrying in 0.30s
2026-07-26 04:02:10,980 ERROR notifier: Discord webhook error HTTP 404: {"message": "Unknown Webhook", "code": 10015}
2026-07-26 04:02:11,070 WARNING notifier: Discord rate limited; retrying in 0.30s
2026-07-26 04:02:11,424 INFO main: AVAILABLE: bp3
2026-07-26 04:02:11,559 ERROR notifier: Discord webhook error HTTP 404: {"message": "Unknown Webhook", "code": 10015}
2026-07-26 04:02:11,645 ERROR notifier: Discord webhook error HTTP 404: {"message": "Unknown Webhook", "code": 10015}
2026-07-26 04:02:11,725 WARNING notifier: Discord rate limited; retrying in 0.30s
2026-07-26 04:02:12,238 ERROR notifier: Discord webhook error HTTP 404: {"message": "Unknown Webhook", "code": 10015}
2026-07-26 04:02:12,320 WARNING notifier: Discord rate limited; retrying in 0.30s
2026-07-26 04:02:12,792 ERROR notifier: Discord webhook error HTTP 404: {"message": "Unknown Webhook", "code": 10015}
2026-07-26 04:02:12,875 ERROR notifier: Discord webhook error HTTP 404: {"message": "Unknown Webhook", "code": 10015}
2026-07-26 04:02:12,961 WARNING notifier: Discord rate limited; retrying in 0.30s
2026-07-26 04:02:13,488 ERROR notifier: Discord webhook error HTTP 404: {"message": "Unknown Webhook", "code": 10015}
2026-07-26 04:02:13,579 WARNING notifier: Discord rate limited; retrying in 0.30s
2026-07-26 04:02:14,058 ERROR notifier: Discord webhook error HTTP 404: {"message": "Unknown Webhook", "code": 10015}
2026-07-26 04:02:14,151 ERROR notifier: Discord webhook error HTTP 404: {"message": "Unknown Webhook", "code": 10015}
2026-07-26 04:02:14,241 WARNING notifier: Discord rate limited; retrying in 0.30s
2026-07-26 04:02:14,736 ERROR notifier: Discord webhook error HTTP 404: {"message": "Unknown Webhook", "code": 10015}
2026-07-26 04:02:14,836 ERROR notifier: Discord webhook error HTTP 404: {"message": "Unknown Webhook", "code": 10015}
2026-07-26 04:02:14,920 WARNING notifier: Discord rate limited; retrying in 0.30s
2026-07-26 04:02:15,408 ERROR notifier: Discord webhook error HTTP 404: {"message": "Unknown Webhook", "code": 10015}
2026-07-26 04:02:15,515 WARNING notifier: Discord rate limited; retrying in 0.30s
2026-07-26 04:02:16,003 ERROR notifier: Discord webhook error HTTP 404: {"message": "Unknown Webhook", "code": 10015}
2026-07-26 04:02:16,086 ERROR notifier: Discord webhook error HTTP 404: {"message": "Unknown Webhook", "code": 10015}
2026-07-26 04:02:16,160 WARNING notifier: Discord rate limited; retrying in 0.30s
2026-07-26 04:02:16,522 INFO main: AVAILABLE: 73a
2026-07-26 04:02:16,648 ERROR notifier: Discord webhook error HTTP 404: {"message": "Unknown Webhook", "code": 10015}
2026-07-26 04:02:16,738 WARNING notifier: Discord rate limited; retrying in 0.30s
2026-07-26 04:02:17,239 ERROR notifier: Discord webhook error HTTP 404: {"message": "Unknown Webhook", "code": 10015}
2026-07-26 04:02:17,324 ERROR notifier: Discord webhook error HTTP 404: {"message": "Unknown Webhook", "code": 10015}
2026-07-26 04:02:17,400 WARNING notifier: Discord rate limited; retrying in 0.30s
2026-07-26 04:02:17,917 ERROR notifier: Discord webhook error HTTP 404: {"message": "Unknown Webhook", "code": 10015}
2026-07-26 04:02:18,004 ERROR notifier: Discord webhook error HTTP 404: {"message": "Unknown Webhook", "code": 10015}
2026-07-26 04:02:18,086 WARNING notifier: Discord rate limited; retrying in 0.30s
2026-07-26 04:02:18,566 ERROR notifier: Discord webhook error HTTP 404: {"message": "Unknown Webhook", "code": 10015}
2026-07-26 04:02:18,793 WARNING notifier: Discord rate limited; retrying in 0.30s
2026-07-26 04:02:19,324 ERROR notifier: Discord webhook error HTTP 404: {"message": "Unknown Webhook", "code": 10015}
2026-07-26 04:02:19,411 ERROR notifier: Discord webhook error HTTP 404: {"message": "Unknown Webhook", "code": 10015}
2026-07-26 04:02:19,488 WARNING notifier: Discord rate limited; retrying in 0.30s
2026-07-26 04:02:19,973 ERROR notifier: Discord webhook error HTTP 404: {"message": "Unknown Webhook", "code": 10015}
2026-07-26 04:02:20,064 ERROR notifier: Discord webhook error HTTP 404: {"message": "Unknown Webhook", "code": 10015}
2026-07-26 04:02:20,140 WARNING notifier: Discord rate limited; retrying in 0.30s
2026-07-26 04:02:20,634 ERROR notifier: Discord webhook error HTTP 404: {"message": "Unknown Webhook", "code": 10015}
2026-07-26 04:02:20,740 WARNING notifier: Discord rate limited; retrying in 0.30s
2026-07-26 04:02:21,234 ERROR notifier: Discord webhook error HTTP 404: {"message": "Unknown Webhook", "code": 10015}
2026-07-26 04:02:21,350 ERROR notifier: Discord webhook error HTTP 404: {"message": "Unknown Webhook", "code": 10015}
2026-07-26 04:02:21,431 WARNING notifier: Discord rate limited; retrying in 0.30s
2026-07-26 04:02:21,764 INFO main: AVAILABLE: vc9
2026-07-26 04:02:21,934 ERROR notifier: Discord webhook error HTTP 404: {"message": "Unknown Webhook", "code": 10015}
2026-07-26 04:02:22,017 ERROR notifier: Discord webhook error HTTP 404: {"message": "Unknown Webhook", "code": 10015}
2026-07-26 04:02:22,097 WARNING notifier: Discord rate limited; retrying in 0.30s
2026-07-26 04:02:22,604 ERROR notifier: Discord webhook error HTTP 404: {"message": "Unknown Webhook", "code": 10015}
2026-07-26 04:02:22,685 WARNING notifier: Discord rate limited; retrying in 0.30s
2026-07-26 04:02:23,172 ERROR notifier: Discord webhook error HTTP 404: {"message": "Unknown Webhook", "code": 10015}
2026-07-26 04:02:23,264 ERROR notifier: Discord webhook error HTTP 404: {"message": "Unknown Webhook", "code": 10015}
2026-07-26 04:02:23,340 WARNING notifier: Discord rate limited; retrying in 0.30s
2026-07-26 04:02:23,836 ERROR notifier: Discord webhook error HTTP 404: {"message": "Unknown Webhook", "code": 10015}
2026-07-26 04:02:23,910 WARNING notifier: Discord rate limited; retrying in 0.30s
2026-07-26 04:02:24,545 ERROR notifier: Discord webhook error HTTP 404: {"message": "Unknown Webhook", "code": 10015}
2026-07-26 04:02:24,707 ERROR notifier: Discord webhook error HTTP 404: {"message": "Unknown Webhook", "code": 10015}
2026-07-26 04:02:24,797 ERROR notifier: Discord webhook error HTTP 404: {"message": "Unknown Webhook", "code": 10015}
2026-07-26 04:02:24,912 WARNING notifier: Discord rate limited; retrying in 0.30s
2026-07-26 04:02:25,427 ERROR notifier: Discord webhook error HTTP 404: {"message": "Unknown Webhook", "code": 10015}
2026-07-26 04:02:25,510 WARNING notifier: Discord rate limited; retrying in 0.30s
2026-07-26 04:02:25,994 ERROR notifier: Discord webhook error HTTP 404: {"message": "Unknown Webhook", "code": 10015}
2026-07-26 04:02:26,097 ERROR notifier: Discord webhook error HTTP 404: {"message": "Unknown Webhook", "code": 10015}
2026-07-26 04:02:26,191 WARNING notifier: Discord rate limited; retrying in 0.30s
2026-07-26 04:02:26,703 ERROR notifier: Discord webhook error HTTP 404: {"message": "Unknown Webhook", "code": 10015}
2026-07-26 04:02:26,810 ERROR notifier: Discord webhook error HTTP 404: {"message": "Unknown Webhook", "code": 10015}
2026-07-26 04:02:26,920 WARNING notifier: Discord rate limited; retrying in 0.30s
2026-07-26 04:02:27,411 ERROR notifier: Discord webhook error HTTP 404: {"message": "Unknown Webhook", "code": 10015}
2026-07-26 04:02:27,497 WARNING notifier: Discord rate limited; retrying in 0.30s
2026-07-26 04:02:27,980 ERROR notifier: Discord webhook error HTTP 404: {"message": "Unknown Webhook", "code": 10015}
2026-07-26 04:02:28,078 ERROR notifier: Discord webhook error HTTP 404: {"message": "Unknown Webhook", "code": 10015}
2026-07-26 04:02:28,171 WARNING notifier: Discord rate limited; retrying in 0.30s
2026-07-26 04:02:28,660 ERROR notifier: Discord webhook error HTTP 404: {"message": "Unknown Webhook", "code": 10015}
2026-07-26 04:02:28,752 WARNING notifier: Discord rate limited; retrying in 0.30s
2026-07-26 04:02:29,242 ERROR notifier: Discord webhook error HTTP 404: {"message": "Unknown Webhook", "code": 10015}
2026-07-26 04:02:29,357 ERROR notifier: Discord webhook error HTTP 404: {"message": "Unknown Webhook", "code": 10015}
2026-07-26 04:02:29,436 WARNING notifier: Discord rate limited; retrying in 0.30s
2026-07-26 04:02:29,908 ERROR notifier: Discord webhook error HTTP 404: {"message": "Unknown Webhook", "code": 10015}
2026-07-26 04:02:30,012 ERROR notifier: Discord webhook error HTTP 404: {"message": "Unknown Webhook", "code": 10015}
2026-07-26 04:02:30,098 WARNING notifier: Discord rate limited; retrying in 0.30s
2026-07-26 04:02:30,617 ERROR notifier: Discord webhook error HTTP 404: {"message": "Unknown Webhook", "code": 10015}
2026-07-26 04:02:30,718 WARNING notifier: Discord rate limited; retrying in 0.30s
2026-07-26 04:02:31,208 ERROR notifier: Discord webhook error HTTP 404: {"message": "Unknown Webhook", "code": 10015}
2026-07-26 04:02:31,303 ERROR notifier: Discord webhook error HTTP 404: {"message": "Unknown Webhook", "code": 10015}
2026-07-26 04:02:31,385 WARNING notifier: Discord rate limited; retrying in 0.30s
2026-07-26 04:02:31,877 ERROR notifier: Discord webhook error HTTP 404: {"message": "Unknown Webhook", "code": 10015}
2026-07-26 04:02:31,976 WARNING notifier: Discord rate limited; retrying in 0.30s
2026-07-26 04:02:32,455 ERROR notifier: Discord webhook error HTTP 404: {"message": "Unknown Webhook", "code": 10015}
2026-07-26 04:02:32,558 ERROR notifier: Discord webhook error HTTP 404: {"message": "Unknown Webhook", "code": 10015}
2026-07-26 04:02:32,633 WARNING notifier: Discord rate limited; retrying in 0.30s
2026-07-26 04:02:33,141 ERROR notifier: Discord webhook error HTTP 404: {"message": "Unknown Webhook", "code": 10015}
2026-07-26 04:02:33,227 ERROR notifier: Discord webhook error HTTP 404: {"message": "Unknown Webhook", "code": 10015}
2026-07-26 04:02:33,302 WARNING notifier: Discord rate limited; retrying in 0.30s
2026-07-26 04:02:33,821 ERROR notifier: Discord webhook error HTTP 404: {"message": "Unknown Webhook", "code": 10015}
2026-07-26 04:02:33,912 WARNING notifier: Discord rate limited; retrying in 0.30s
2026-07-26 04:02:34,398 ERROR notifier: Discord webhook error HTTP 404: {"message": "Unknown Webhook", "code": 10015}
2026-07-26 04:02:34,491 ERROR notifier: Discord webhook error HTTP 404: {"message": "Unknown Webhook", "code": 10015}
2026-07-26 04:02:34,581 WARNING notifier: Discord rate limited; retrying in 0.30s
2026-07-26 04:02:35,100 ERROR notifier: Discord webhook error HTTP 404: {"message": "Unknown Webhook", "code": 10015}
2026-07-26 04:02:35,189 ERROR notifier: Discord webhook error HTTP 404: {"message": "Unknown Webhook", "code": 10015}
2026-07-26 04:02:35,265 WARNING notifier: Discord rate limited; retrying in 0.31s
2026-07-26 04:02:35,760 ERROR notifier: Discord webhook error HTTP 404: {"message": "Unknown Webhook", "code": 10015}
2026-07-26 04:02:35,855 WARNING notifier: Discord rate limited; retrying in 0.30s
2026-07-26 04:02:36,347 ERROR notifier: Discord webhook error HTTP 404: {"message": "Unknown Webhook", "code": 10015}
2026-07-26 04:02:36,428 ERROR notifier: Discord webhook error HTTP 404: {"message": "Unknown Webhook", "code": 10015}
2026-07-26 04:02:36,511 WARNING notifier: Discord rate limited; retrying in 0.30s
2026-07-26 04:02:36,726 WARNING checker: cbl: giving up after 5 attempts (HTTP 429)
2026-07-26 04:02:37,033 ERROR notifier: Discord webhook error HTTP 404: {"message": "Unknown Webhook", "code": 10015}
2026-07-26 04:02:37,063 WARNING checker: yg7: giving up after 5 attempts (HTTP 429)
2026-07-26 04:02:37,114 WARNING notifier: Discord rate limited; retrying in 0.30s
2026-07-26 04:02:37,418 WARNING checker: miw: giving up after 5 attempts (HTTP 429)
2026-07-26 04:02:37,614 ERROR notifier: Discord webhook error HTTP 404: {"message": "Unknown Webhook", "code": 10015}
2026-07-26 04:02:37,696 ERROR notifier: Discord webhook error HTTP 404: {"message": "Unknown Webhook", "code": 10015}
2026-07-26 04:02:37,780 WARNING notifier: Discord rate limited; retrying in 0.30s
2026-07-26 04:02:38,297 ERROR notifier: Discord webhook error HTTP 404: {"message": "Unknown Webhook", "code": 10015}
2026-07-26 04:02:38,382 ERROR notifier: Discord webhook error HTTP 404: {"message": "Unknown Webhook", "code": 10015}
2026-07-26 04:02:38,458 WARNING notifier: Discord rate limited; retrying in 0.31s
2026-07-26 04:02:38,967 ERROR notifier: Discord webhook error HTTP 404: {"message": "Unknown Webhook", "code": 10015}
2026-07-26 04:02:39,048 WARNING notifier: Discord rate limited; retrying in 0.30s
2026-07-26 04:02:39,552 ERROR notifier: Discord webhook error HTTP 404: {"message": "Unknown Webhook", "code": 10015}
2026-07-26 04:02:39,635 ERROR notifier: Discord webhook error HTTP 404: {"message": "Unknown Webhook", "code": 10015}
2026-07-26 04:02:39,723 WARNING notifier: Discord rate limited; retrying in 0.30s
2026-07-26 04:02:40,208 ERROR notifier: Discord webhook error HTTP 404: {"message": "Unknown Webhook", "code": 10015}
2026-07-26 04:02:40,287 WARNING notifier: Discord rate limited; retrying in 0.30s
2026-07-26 04:02:40,793 ERROR notifier: Discord webhook error HTTP 404: {"message": "Unknown Webhook", "code": 10015}
2026-07-26 04:02:40,878 ERROR notifier: Discord webhook error HTTP 404: {"message": "Unknown Webhook", "code": 10015}
2026-07-26 04:02:40,961 WARNING notifier: Discord rate limited; retrying in 0.30s
2026-07-26 04:02:41,455 ERROR notifier: Discord webhook error HTTP 404: {"message": "Unknown Webhook", "code": 10015}
2026-07-26 04:02:41,546 WARNING notifier: Discord rate limited; retrying in 0.30s
2026-07-26 04:02:42,038 ERROR notifier: Discord webhook error HTTP 404: {"message": "Unknown Webhook", "code": 10015}
2026-07-26 04:02:42,127 ERROR notifier: Discord webhook error HTTP 404: {"message": "Unknown Webhook", "code": 10015}
2026-07-26 04:02:42,218 WARNING notifier: Discord rate limited; retrying in 0.30s
2026-07-26 04:02:42,717 ERROR notifier: Discord webhook error HTTP 404: {"message": "Unknown Webhook", "code": 10015}
2026-07-26 04:02:42,803 ERROR notifier: Discord webhook error HTTP 404: {"message": "Unknown Webhook", "code": 10015}
2026-07-26 04:02:42,882 WARNING notifier: Discord rate limited; retrying in 0.30s
2026-07-26 04:02:43,371 ERROR notifier: Discord webhook error HTTP 404: {"message": "Unknown Webhook", "code": 10015}
2026-07-26 04:02:43,471 WARNING notifier: Discord rate limited; retrying in 0.30s
2026-07-26 04:02:43,484 WARNING checker: 5lx: giving up after 5 attempts (HTTP 429)
2026-07-26 04:02:43,750 WARNING checker: 6bk: giving up after 5 attempts (HTTP 429)
2026-07-26 04:02:43,961 ERROR notifier: Discord webhook error HTTP 404: {"message": "Unknown Webhook", "code": 10015}
2026-07-26 04:02:44,047 ERROR notifier: Discord webhook error HTTP 404: {"message": "Unknown Webhook", "code": 10015}
2026-07-26 04:02:44,125 WARNING notifier: Discord rate limited; retrying in 0.30s
2026-07-26 04:02:44,610 ERROR notifier: Discord webhook error HTTP 404: {"message": "Unknown Webhook", "code": 10015}
2026-07-26 04:02:44,687 WARNING notifier: Discord rate limited; retrying in 0.30s
2026-07-26 04:02:45,018 WARNING checker: d78: giving up after 5 attempts (HTTP 429)
2026-07-26 04:02:45,157 ERROR notifier: Discord webhook error HTTP 404: {"message": "Unknown Webhook", "code": 10015}
2026-07-26 04:02:45,245 ERROR notifier: Discord webhook error HTTP 404: {"message": "Unknown Webhook", "code": 10015}
2026-07-26 04:02:45,331 WARNING notifier: Discord rate limited; retrying in 0.30s
2026-07-26 04:02:45,829 ERROR notifier: Discord webhook error HTTP 404: {"message": "Unknown Webhook", "code": 10015}
2026-07-26 04:02:45,908 WARNING notifier: Discord rate limited; retrying in 0.30s
2026-07-26 04:02:46,386 ERROR notifier: Discord webhook error HTTP 404: {"message": "Unknown Webhook", "code": 10015}
2026-07-26 04:02:46,468 ERROR notifier: Discord webhook error HTTP 404: {"message": "Unknown Webhook", "code": 10015}
2026-07-26 04:02:46,552 WARNING notifier: Discord rate limited; retrying in 0.30s
2026-07-26 04:02:47,041 ERROR notifier: Discord webhook error HTTP 404: {"message": "Unknown Webhook", "code": 10015}
2026-07-26 04:02:47,118 WARNING notifier: Discord rate limited; retrying in 0.30s
2026-07-26 04:02:47,612 ERROR notifier: Discord webhook error HTTP 404: {"message": "Unknown Webhook", "code": 10015}
2026-07-26 04:02:47,715 ERROR notifier: Discord webhook error HTTP 404: {"message": "Unknown Webhook", "code": 10015}
2026-07-26 04:02:47,797 WARNING notifier: Discord rate limited; retrying in 0.30s
2026-07-26 04:02:48,283 ERROR notifier: Discord webhook error HTTP 404: {"message": "Unknown Webhook", "code": 10015}
2026-07-26 04:02:48,394 ERROR notifier: Discord webhook error HTTP 404: {"message": "Unknown Webhook", "code": 10015}
2026-07-26 04:02:48,480 WARNING notifier: Discord rate limited; retrying in 0.30s
2026-07-26 04:02:48,962 ERROR notifier: Discord webhook error HTTP 404: {"message": "Unknown Webhook", "code": 10015}
2026-07-26 04:02:49,042 WARNING notifier: Discord rate limited; retrying in 0.30s
2026-07-26 04:02:49,541 ERROR notifier: Discord webhook error HTTP 404: {"message": "Unknown Webhook", "code": 10015}
2026-07-26 04:02:49,667 ERROR notifier: Discord webhook error HTTP 404: {"message": "Unknown Webhook", "code": 10015}
2026-07-26 04:02:49,750 WARNING notifier: Discord rate limited; retrying in 0.30s
2026-07-26 04:02:49,775 INFO main: AVAILABLE: 8vt
2026-07-26 04:02:50,231 ERROR notifier: Discord webhook error HTTP 404: {"message": "Unknown Webhook", "code": 10015}
2026-07-26 04:02:50,328 WARNING notifier: Discord rate limited; retrying in 0.30s
2026-07-26 04:02:50,827 ERROR notifier: Discord webhook error HTTP 404: {"message": "Unknown Webhook", "code": 10015}
2026-07-26 04:02:50,912 ERROR notifier: Discord webhook error HTTP 404: {"message": "Unknown Webhook", "code": 10015}
2026-07-26 04:02:50,992 WARNING notifier: Discord rate limited; retrying in 0.30s
2026-07-26 04:02:51,475 ERROR notifier: Discord webhook error HTTP 404: {"message": "Unknown Webhook", "code": 10015}
2026-07-26 04:02:51,561 WARNING notifier: Discord rate limited; retrying in 0.30s
2026-07-26 04:02:52,045 ERROR notifier: Discord webhook error HTTP 404: {"message": "Unknown Webhook", "code": 10015}
2026-07-26 04:02:52,183 ERROR notifier: Discord webhook error HTTP 404: {"message": "Unknown Webhook", "code": 10015}
2026-07-26 04:02:52,265 WARNING notifier: Discord rate limited; retrying in 0.30s
2026-07-26 04:02:52,316 INFO main: AVAILABLE: 2j5
2026-07-26 04:02:52,758 ERROR notifier: Discord webhook error HTTP 404: {"message": "Unknown Webhook", "code": 10015}
2026-07-26 04:02:52,861 ERROR notifier: Discord webhook error HTTP 404: {"message": "Unknown Webhook", "code": 10015}
2026-07-26 04:02:52,942 WARNING notifier: Discord rate limited; retrying in 0.30s
2026-07-26 04:02:53,425 ERROR notifier: Discord webhook error HTTP 404: {"message": "Unknown Webhook", "code": 10015}
2026-07-26 04:02:53,503 WARNING notifier: Discord rate limited; retrying in 0.30s
2026-07-26 04:02:54,015 ERROR notifier: Discord webhook error HTTP 404: {"message": "Unknown Webhook", "code": 10015}
2026-07-26 04:02:54,104 ERROR notifier: Discord webhook error HTTP 404: {"message": "Unknown Webhook", "code": 10015}
2026-07-26 04:02:54,186 WARNING notifier: Discord rate limited; retrying in 0.30s
2026-07-26 04:02:54,658 ERROR notifier: Discord webhook error HTTP 404: {"message": "Unknown Webhook", "code": 10015}
2026-07-26 04:02:54,744 WARNING notifier: Discord rate limited; retrying in 0.30s
2026-07-26 04:02:55,236 ERROR notifier: Discord webhook error HTTP 404: {"message": "Unknown Webhook", "code": 10015}
2026-07-26 04:02:55,315 ERROR notifier: Discord webhook error HTTP 404: {"message": "Unknown Webhook", "code": 10015}
2026-07-26 04:02:55,399 WARNING notifier: Discord rate limited; retrying in 0.30s
2026-07-26 04:02:55,553 INFO main: AVAILABLE: 2oa
2026-07-26 04:02:55,915 ERROR notifier: Discord webhook error HTTP 404: {"message": "Unknown Webhook", "code": 10015}
2026-07-26 04:02:55,997 ERROR notifier: Discord webhook error HTTP 404: {"message": "Unknown Webhook", "code": 10015}
2026-07-26 04:02:56,087 WARNING notifier: Discord rate limited; retrying in 0.30s
2026-07-26 04:02:56,334 INFO main: AVAILABLE: 05c
2026-07-26 04:02:56,571 ERROR notifier: Discord webhook error HTTP 404: {"message": "Unknown Webhook", "code": 10015}
2026-07-26 04:02:56,655 WARNING notifier: Discord rate limited; retrying in 0.30s
2026-07-26 04:02:57,150 ERROR notifier: Discord webhook error HTTP 404: {"message": "Unknown Webhook", "code": 10015}
2026-07-26 04:02:57,237 ERROR notifier: Discord webhook error HTTP 404: {"message": "Unknown Webhook", "code": 10015}
2026-07-26 04:02:57,327 WARNING notifier: Discord rate limited; retrying in 0.30s
2026-07-26 04:02:57,662 INFO main: AVAILABLE: 2bq
2026-07-26 04:02:57,812 ERROR notifier: Discord webhook error HTTP 404: {"message": "Unknown Webhook", "code": 10015}
2026-07-26 04:02:57,897 WARNING notifier: Discord rate limited; retrying in 0.30s
2026-07-26 04:02:58,343 INFO main: AVAILABLE: 0qc
2026-07-26 04:02:58,408 ERROR notifier: Discord webhook error HTTP 404: {"message": "Unknown Webhook", "code": 10015}
2026-07-26 04:02:58,520 ERROR notifier: Discord webhook error HTTP 404: {"message": "Unknown Webhook", "code": 10015}
2026-07-26 04:02:58,620 WARNING notifier: Discord rate limited; retrying in 0.30s
2026-07-26 04:02:59,120 ERROR notifier: Discord webhook error HTTP 404: {"message": "Unknown Webhook", "code": 10015}
2026-07-26 04:02:59,223 ERROR notifier: Discord webhook error HTTP 404: {"message": "Unknown Webhook", "code": 10015}
2026-07-26 04:02:59,312 WARNING notifier: Discord rate limited; retrying in 0.30s
2026-07-26 04:02:59,792 ERROR notifier: Discord webhook error HTTP 404: {"message": "Unknown Webhook", "code": 10015}
2026-07-26 04:02:59,880 WARNING notifier: Discord rate limited; retrying in 0.30s
2026-07-26 04:03:00,370 ERROR notifier: Discord webhook error HTTP 404: {"message": "Unknown Webhook", "code": 10015}
2026-07-26 04:03:00,466 ERROR notifier: Discord webhook error HTTP 404: {"message": "Unknown Webhook", "code": 10015}
2026-07-26 04:03:00,561 WARNING notifier: Discord rate limited; retrying in 0.30s
2026-07-26 04:03:01,055 ERROR notifier: Discord webhook error HTTP 404: {"message": "Unknown Webhook", "code": 10015}
2026-07-26 04:03:01,143 WARNING notifier: Discord rate limited; retrying in 0.30s
2026-07-26 04:03:01,644 ERROR notifier: Discord webhook error HTTP 404: {"message": "Unknown Webhook", "code": 10015}
2026-07-26 04:03:01,743 ERROR notifier: Discord webhook error HTTP 404: {"message": "Unknown Webhook", "code": 10015}
2026-07-26 04:03:01,821 WARNING notifier: Discord rate limited; retrying in 0.30s
2026-07-26 04:03:02,313 ERROR notifier: Discord webhook error HTTP 404: {"message": "Unknown Webhook", "code": 10015}
2026-07-26 04:03:02,407 ERROR notifier: Discord webhook error HTTP 404: {"message": "Unknown Webhook", "code": 10015}
2026-07-26 04:03:02,485 WARNING notifier: Discord rate limited; retrying in 0.30s
2026-07-26 04:03:02,970 ERROR notifier: Discord webhook error HTTP 404: {"message": "Unknown Webhook", "code": 10015}
2026-07-26 04:03:03,050 WARNING notifier: Discord rate limited; retrying in 0.30s
2026-07-26 04:03:03,560 ERROR notifier: Discord webhook error HTTP 404: {"message": "Unknown Webhook", "code": 10015}
2026-07-26 04:03:03,644 ERROR notifier: Discord webhook error HTTP 404: {"message": "Unknown Webhook", "code": 10015}
2026-07-26 04:03:03,728 WARNING notifier: Discord rate limited; retrying in 0.30s
2026-07-26 04:03:04,210 ERROR notifier: Discord webhook error HTTP 404: {"message": "Unknown Webhook", "code": 10015}
2026-07-26 04:03:04,293 WARNING notifier: Discord rate limited; retrying in 0.30s
2026-07-26 04:03:04,791 ERROR notifier: Discord webhook error HTTP 404: {"message": "Unknown Webhook", "code": 10015}
2026-07-26 04:03:04,871 ERROR notifier: Discord webhook error HTTP 404: {"message": "Unknown Webhook", "code": 10015}
2026-07-26 04:03:04,947 INFO main: AVAILABLE: q8y
2026-07-26 04:03:04,958 WARNING notifier: Discord rate limited; retrying in 0.30s
2026-07-26 04:03:05,464 ERROR notifier: Discord webhook error HTTP 404: {"message": "Unknown Webhook", "code": 10015}
2026-07-26 04:03:05,551 WARNING notifier: Discord rate limited; retrying in 0.30s
2026-07-26 04:03:06,067 ERROR notifier: Discord webhook error HTTP 404: {"message": "Unknown Webhook", "code": 10015}
2026-07-26 04:03:06,182 ERROR notifier: Discord webhook error HTTP 404: {"message": "Unknown Webhook", "code": 10015}
2026-07-26 04:03:06,266 WARNING notifier: Discord rate limited; retrying in 0.30s
2026-07-26 04:03:06,322 INFO main: AVAILABLE: 3b4
2026-07-26 04:03:06,783 ERROR notifier: Discord webhook error HTTP 404: {"message": "Unknown Webhook", "code": 10015}
2026-07-26 04:03:06,868 ERROR notifier: Discord webhook error HTTP 404: {"message": "Unknown Webhook", "code": 10015}
2026-07-26 04:03:06,950 WARNING notifier: Discord rate limited; retrying in 0.30s
2026-07-26 04:03:07,448 ERROR notifier: Discord webhook error HTTP 404: {"message": "Unknown Webhook", "code": 10015}
2026-07-26 04:03:07,527 WARNING notifier: Discord rate limited; retrying in 0.30s
2026-07-26 04:03:08,028 ERROR notifier: Discord webhook error HTTP 404: {"message": "Unknown Webhook", "code": 10015}
2026-07-26 04:03:08,150 ERROR notifier: Discord webhook error HTTP 404: {"message": "Unknown Webhook", "code": 10015}
2026-07-26 04:03:08,242 WARNING notifier: Discord rate limited; retrying in 0.30s
2026-07-26 04:03:08,753 ERROR notifier: Discord webhook error HTTP 404: {"message": "Unknown Webhook", "code": 10015}
2026-07-26 04:03:08,843 ERROR notifier: Discord webhook error HTTP 404: {"message": "Unknown Webhook", "code": 10015}
2026-07-26 04:03:08,854 INFO main: AVAILABLE: eu2
2026-07-26 04:03:08,921 WARNING notifier: Discord rate limited; retrying in 0.30s
2026-07-26 04:03:09,434 ERROR notifier: Discord webhook error HTTP 404: {"message": "Unknown Webhook", "code": 10015}
2026-07-26 04:03:09,520 WARNING notifier: Discord rate limited; retrying in 0.30s
2026-07-26 04:03:10,025 ERROR notifier: Discord webhook error HTTP 404: {"message": "Unknown Webhook", "code": 10015}
2026-07-26 04:03:10,143 ERROR notifier: Discord webhook error HTTP 404: {"message": "Unknown Webhook", "code": 10015}
2026-07-26 04:03:10,222 WARNING notifier: Discord rate limited; retrying in 0.30s
2026-07-26 04:03:10,728 ERROR notifier: Discord webhook error HTTP 404: {"message": "Unknown Webhook", "code": 10015}
2026-07-26 04:03:10,817 ERROR notifier: Discord webhook error HTTP 404: {"message": "Unknown Webhook", "code": 10015}
2026-07-26 04:03:10,899 WARNING notifier: Discord rate limited; retrying in 0.30s
2026-07-26 04:03:11,387 ERROR notifier: Discord webhook error HTTP 404: {"message": "Unknown Webhook", "code": 10015}
2026-07-26 04:03:11,468 WARNING notifier: Discord rate limited; retrying in 0.30s
2026-07-26 04:03:11,960 ERROR notifier: Discord webhook error HTTP 404: {"message": "Unknown Webhook", "code": 10015}
2026-07-26 04:03:12,043 ERROR notifier: Discord webhook error HTTP 404: {"message": "Unknown Webhook", "code": 10015}
2026-07-26 04:03:12,128 WARNING notifier: Discord rate limited; retrying in 0.30s
2026-07-26 04:03:12,650 ERROR notifier: Discord webhook error HTTP 404: {"message": "Unknown Webhook", "code": 10015}
2026-07-26 04:03:12,734 WARNING notifier: Discord rate limited; retrying in 0.30s
2026-07-26 04:03:12,975 INFO main: AVAILABLE: t1s
2026-07-26 04:03:13,221 ERROR notifier: Discord webhook error HTTP 404: {"message": "Unknown Webhook", "code": 10015}
2026-07-26 04:03:13,308 ERROR notifier: Discord webhook error HTTP 404: {"message": "Unknown Webhook", "code": 10015}
2026-07-26 04:03:13,413 WARNING notifier: Discord rate limited; retrying in 0.30s
2026-07-26 04:03:13,944 ERROR notifier: Discord webhook error HTTP 404: {"message": "Unknown Webhook", "code": 10015}
2026-07-26 04:03:14,050 ERROR notifier: Discord webhook error HTTP 404: {"message": "Unknown Webhook", "code": 10015}
2026-07-26 04:03:14,132 WARNING notifier: Discord rate limited; retrying in 0.30s
2026-07-26 04:03:14,633 ERROR notifier: Discord webhook error HTTP 404: {"message": "Unknown Webhook", "code": 10015}
2026-07-26 04:03:14,717 WARNING notifier: Discord rate limited; retrying in 0.30s
2026-07-26 04:03:15,230 ERROR notifier: Discord webhook error HTTP 404: {"message": "Unknown Webhook", "code": 10015}
2026-07-26 04:03:15,311 ERROR notifier: Discord webhook error HTTP 404: {"message": "Unknown Webhook", "code": 10015}
2026-07-26 04:03:15,397 WARNING notifier: Discord rate limited; retrying in 0.30s
2026-07-26 04:03:15,897 ERROR notifier: Discord webhook error HTTP 404: {"message": "Unknown Webhook", "code": 10015}
2026-07-26 04:03:15,980 ERROR notifier: Discord webhook error HTTP 404: {"message": "Unknown Webhook", "code": 10015}
2026-07-26 04:03:16,061 WARNING notifier: Discord rate limited; retrying in 0.31s
2026-07-26 04:03:16,564 ERROR notifier: Discord webhook error HTTP 404: {"message": "Unknown Webhook", "code": 10015}
2026-07-26 04:03:16,645 WARNING notifier: Discord rate limited; retrying in 0.30s
2026-07-26 04:03:17,166 ERROR notifier: Discord webhook error HTTP 404: {"message": "Unknown Webhook", "code": 10015}
2026-07-26 04:03:17,247 ERROR notifier: Discord webhook error HTTP 404: {"message": "Unknown Webhook", "code": 10015}
2026-07-26 04:03:17,346 WARNING notifier: Discord rate limited; retrying in 0.30s
2026-07-26 04:03:17,826 ERROR notifier: Discord webhook error HTTP 404: {"message": "Unknown Webhook", "code": 10015}
2026-07-26 04:03:17,840 INFO main: AVAILABLE: 0u1
2026-07-26 04:03:17,905 WARNING notifier: Discord rate limited; retrying in 0.30s
2026-07-26 04:03:18,442 ERROR notifier: Discord webhook error HTTP 404: {"message": "Unknown Webhook", "code": 10015}
2026-07-26 04:03:18,539 ERROR notifier: Discord webhook error HTTP 404: {"message": "Unknown Webhook", "code": 10015}
2026-07-26 04:03:18,621 WARNING notifier: Discord rate limited; retrying in 0.30s
2026-07-26 04:03:19,098 ERROR notifier: Discord webhook error HTTP 404: {"message": "Unknown Webhook", "code": 10015}
2026-07-26 04:03:19,187 ERROR notifier: Discord webhook error HTTP 404: {"message": "Unknown Webhook", "code": 10015}
2026-07-26 04:03:19,267 WARNING notifier: Discord rate limited; retrying in 0.31s
2026-07-26 04:03:19,770 ERROR notifier: Discord webhook error HTTP 404: {"message": "Unknown Webhook", "code": 10015}
2026-07-26 04:03:19,848 WARNING notifier: Discord rate limited; retrying in 0.30s
2026-07-26 04:03:20,341 ERROR notifier: Discord webhook error HTTP 404: {"message": "Unknown Webhook", "code": 10015}
2026-07-26 04:03:20,427 ERROR notifier: Discord webhook error HTTP 404: {"message": "Unknown Webhook", "code": 10015}
2026-07-26 04:03:20,513 WARNING notifier: Discord rate limited; retrying in 0.30s
2026-07-26 04:03:21,003 ERROR notifier: Discord webhook error HTTP 404: {"message": "Unknown Webhook", "code": 10015}
2026-07-26 04:03:21,083 WARNING notifier: Discord rate limited; retrying in 0.30s
2026-07-26 04:03:21,572 ERROR notifier: Discord webhook error HTTP 404: {"message": "Unknown Webhook", "code": 10015}
2026-07-26 04:03:21,660 ERROR notifier: Discord webhook error HTTP 404: {"message": "Unknown Webhook", "code": 10015}
2026-07-26 04:03:21,746 WARNING notifier: Discord rate limited; retrying in 0.30s
2026-07-26 04:03:22,256 ERROR notifier: Discord webhook error HTTP 404: {"message": "Unknown Webhook", "code": 10015}
2026-07-26 04:03:22,348 WARNING notifier: Discord rate limited; retrying in 0.30s
2026-07-26 04:03:22,829 ERROR notifier: Discord webhook error HTTP 404: {"message": "Unknown Webhook", "code": 10015}
2026-07-26 04:03:22,909 ERROR notifier: Discord webhook error HTTP 404: {"message": "Unknown Webhook", "code": 10015}
2026-07-26 04:03:22,991 WARNING notifier: Discord rate limited; retrying in 0.30s
2026-07-26 04:03:23,491 ERROR notifier: Discord webhook error HTTP 404: {"message": "Unknown Webhook", "code": 10015}
2026-07-26 04:03:23,579 ERROR notifier: Discord webhook error HTTP 404: {"message": "Unknown Webhook", "code": 10015}
2026-07-26 04:03:23,661 WARNING notifier: Discord rate limited; retrying in 0.31s
2026-07-26 04:03:24,177 ERROR notifier: Discord webhook error HTTP 404: {"message": "Unknown Webhook", "code": 10015}
2026-07-26 04:03:24,267 WARNING notifier: Discord rate limited; retrying in 0.30s
2026-07-26 04:03:24,693 INFO main: AVAILABLE: 37e
2026-07-26 04:03:24,765 ERROR notifier: Discord webhook error HTTP 404: {"message": "Unknown Webhook", "code": 10015}
2026-07-26 04:03:24,848 ERROR notifier: Discord webhook error HTTP 404: {"message": "Unknown Webhook", "code": 10015}
2026-07-26 04:03:24,929 WARNING notifier: Discord rate limited; retrying in 0.30s
2026-07-26 04:03:25,425 ERROR notifier: Discord webhook error HTTP 404: {"message": "Unknown Webhook", "code": 10015}
2026-07-26 04:03:25,516 WARNING notifier: Discord rate limited; retrying in 0.30s
2026-07-26 04:03:26,019 ERROR notifier: Discord webhook error HTTP 404: {"message": "Unknown Webhook", "code": 10015}
2026-07-26 04:03:26,103 ERROR notifier: Discord webhook error HTTP 404: {"message": "Unknown Webhook", "code": 10015}
2026-07-26 04:03:26,199 WARNING notifier: Discord rate limited; retrying in 0.30s
2026-07-26 04:03:26,688 ERROR notifier: Discord webhook error HTTP 404: {"message": "Unknown Webhook", "code": 10015}
2026-07-26 04:03:26,771 WARNING notifier: Discord rate limited; retrying in 0.30s
2026-07-26 04:03:27,276 ERROR notifier: Discord webhook error HTTP 404: {"message": "Unknown Webhook", "code": 10015}
2026-07-26 04:03:27,354 ERROR notifier: Discord webhook error HTTP 404: {"message": "Unknown Webhook", "code": 10015}
2026-07-26 04:03:27,442 WARNING notifier: Discord rate limited; retrying in 0.30s
2026-07-26 04:03:27,936 ERROR notifier: Discord webhook error HTTP 404: {"message": "Unknown Webhook", "code": 10015}
2026-07-26 04:03:28,019 ERROR notifier: Discord webhook error HTTP 404: {"message": "Unknown Webhook", "code": 10015}
2026-07-26 04:03:28,088 INFO main: AVAILABLE: 63p
2026-07-26 04:03:28,100 WARNING notifier: Discord rate limited; retrying in 0.30s
2026-07-26 04:03:28,592 ERROR notifier: Discord webhook error HTTP 404: {"message": "Unknown Webhook", "code": 10015}
2026-07-26 04:03:28,682 WARNING notifier: Discord rate limited; retrying in 0.30s
2026-07-26 04:03:29,177 ERROR notifier: Discord webhook error HTTP 404: {"message": "Unknown Webhook", "code": 10015}
2026-07-26 04:03:29,263 ERROR notifier: Discord webhook error HTTP 404: {"message": "Unknown Webhook", "code": 10015}
2026-07-26 04:03:29,332 INFO main: AVAILABLE: j6g
2026-07-26 04:03:29,348 WARNING notifier: Discord rate limited; retrying in 0.30s
2026-07-26 04:03:29,872 ERROR notifier: Discord webhook error HTTP 404: {"message": "Unknown Webhook", "code": 10015}
2026-07-26 04:03:29,961 WARNING notifier: Discord rate limited; retrying in 0.30s
2026-07-26 04:03:30,456 ERROR notifier: Discord webhook error HTTP 404: {"message": "Unknown Webhook", "code": 10015}
2026-07-26 04:03:30,543 ERROR notifier: Discord webhook error HTTP 404: {"message": "Unknown Webhook", "code": 10015}
2026-07-26 04:03:30,627 WARNING notifier: Discord rate limited; retrying in 0.30s
2026-07-26 04:03:31,128 ERROR notifier: Discord webhook error HTTP 404: {"message": "Unknown Webhook", "code": 10015}
2026-07-26 04:03:31,223 ERROR notifier: Discord webhook error HTTP 404: {"message": "Unknown Webhook", "code": 10015}
2026-07-26 04:03:31,298 WARNING notifier: Discord rate limited; retrying in 0.30s
2026-07-26 04:03:31,782 ERROR notifier: Discord webhook error HTTP 404: {"message": "Unknown Webhook", "code": 10015}
2026-07-26 04:03:31,867 WARNING notifier: Discord rate limited; retrying in 0.30s
2026-07-26 04:03:32,359 ERROR notifier: Discord webhook error HTTP 404: {"message": "Unknown Webhook", "code": 10015}
2026-07-26 04:03:32,445 ERROR notifier: Discord webhook error HTTP 404: {"message": "Unknown Webhook", "code": 10015}
2026-07-26 04:03:32,541 WARNING notifier: Discord rate limited; retrying in 0.30s
2026-07-26 04:03:33,081 ERROR notifier: Discord webhook error HTTP 404: {"message": "Unknown Webhook", "code": 10015}
2026-07-26 04:03:33,160 WARNING notifier: Discord rate limited; retrying in 0.30s
2026-07-26 04:03:33,669 ERROR notifier: Discord webhook error HTTP 404: {"message": "Unknown Webhook", "code": 10015}
2026-07-26 04:03:33,763 ERROR notifier: Discord webhook error HTTP 404: {"message": "Unknown Webhook", "code": 10015}
2026-07-26 04:03:33,856 WARNING notifier: Discord rate limited; retrying in 0.30s
2026-07-26 04:03:34,351 ERROR notifier: Discord webhook error HTTP 404: {"message": "Unknown Webhook", "code": 10015}
2026-07-26 04:03:34,438 ERROR notifier: Discord webhook error HTTP 404: {"message": "Unknown Webhook", "code": 10015}
2026-07-26 04:03:34,515 WARNING notifier: Discord rate limited; retrying in 0.30s
2026-07-26 04:03:34,996 ERROR notifier: Discord webhook error HTTP 404: {"message": "Unknown Webhook", "code": 10015}
2026-07-26 04:03:35,086 WARNING notifier: Discord rate limited; retrying in 0.30s
2026-07-26 04:03:35,574 ERROR notifier: Discord webhook error HTTP 404: {"message": "Unknown Webhook", "code": 10015}
2026-07-26 04:03:35,655 ERROR notifier: Discord webhook error HTTP 404: {"message": "Unknown Webhook", "code": 10015}
2026-07-26 04:03:35,734 WARNING notifier: Discord rate limited; retrying in 0.30s
2026-07-26 04:03:36,221 ERROR notifier: Discord webhook error HTTP 404: {"message": "Unknown Webhook", "code": 10015}
2026-07-26 04:03:36,302 WARNING notifier: Discord rate limited; retrying in 0.30s
2026-07-26 04:03:36,820 ERROR notifier: Discord webhook error HTTP 404: {"message": "Unknown Webhook", "code": 10015}
2026-07-26 04:03:36,911 ERROR notifier: Discord webhook error HTTP 404: {"message": "Unknown Webhook", "code": 10015}
2026-07-26 04:03:37,001 WARNING notifier: Discord rate limited; retrying in 0.30s
2026-07-26 04:03:37,491 ERROR notifier: Discord webhook error HTTP 404: {"message": "Unknown Webhook", "code": 10015}
2026-07-26 04:03:37,572 WARNING notifier: Discord rate limited; retrying in 0.30s
2026-07-26 04:03:38,054 ERROR notifier: Discord webhook error HTTP 404: {"message": "Unknown Webhook", "code": 10015}
2026-07-26 04:03:38,164 ERROR notifier: Discord webhook error HTTP 404: {"message": "Unknown Webhook", "code": 10015}
2026-07-26 04:03:38,251 WARNING notifier: Discord rate limited; retrying in 0.30s
2026-07-26 04:03:38,757 ERROR notifier: Discord webhook error HTTP 404: {"message": "Unknown Webhook", "code": 10015}
2026-07-26 04:03:38,848 ERROR notifier: Discord webhook error HTTP 404: {"message": "Unknown Webhook", "code": 10015}
2026-07-26 04:03:38,959 WARNING notifier: Discord rate limited; retrying in 0.30s
2026-07-26 04:03:39,105 WARNING checker: xmm: giving up after 5 attempts (HTTP 429)
2026-07-26 04:03:39,373 WARNING checker: ml7: giving up after 5 attempts (HTTP 429)
2026-07-26 04:03:39,473 ERROR notifier: Discord webhook error HTTP 404: {"message": "Unknown Webhook", "code": 10015}
2026-07-26 04:03:39,556 WARNING notifier: Discord rate limited; retrying in 0.30s
2026-07-26 04:03:40,046 ERROR notifier: Discord webhook error HTTP 404: {"message": "Unknown Webhook", "code": 10015}
2026-07-26 04:03:40,139 ERROR notifier: Discord webhook error HTTP 404: {"message": "Unknown Webhook", "code": 10015}
2026-07-26 04:03:40,220 WARNING notifier: Discord rate limited; retrying in 0.30s
2026-07-26 04:03:40,647 WARNING checker: x03: giving up after 5 attempts (HTTP 429)
2026-07-26 04:03:40,694 ERROR notifier: Discord webhook error HTTP 404: {"message": "Unknown Webhook", "code": 10015}
2026-07-26 04:03:40,802 ERROR notifier: Discord webhook error HTTP 404: {"message": "Unknown Webhook", "code": 10015}
2026-07-26 04:03:40,892 WARNING notifier: Discord rate limited; retrying in 0.30s
2026-07-26 04:03:41,459 ERROR notifier: Discord webhook error HTTP 404: {"message": "Unknown Webhook", "code": 10015}
2026-07-26 04:03:41,543 WARNING notifier: Discord rate limited; retrying in 0.30s
2026-07-26 04:03:42,037 ERROR notifier: Discord webhook error HTTP 404: {"message": "Unknown Webhook", "code": 10015}
2026-07-26 04:03:42,158 ERROR notifier: Discord webhook error HTTP 404: {"message": "Unknown Webhook", "code": 10015}
2026-07-26 04:03:42,247 WARNING notifier: Discord rate limited; retrying in 0.30s
2026-07-26 04:03:42,814 ERROR notifier: Discord webhook error HTTP 404: {"message": "Unknown Webhook", "code": 10015}
2026-07-26 04:03:42,912 ERROR notifier: Discord webhook error HTTP 404: {"message": "Unknown Webhook", "code": 10015}
2026-07-26 04:03:42,997 WARNING notifier: Discord rate limited; retrying in 0.30s
2026-07-26 04:03:43,505 ERROR notifier: Discord webhook error HTTP 404: {"message": "Unknown Webhook", "code": 10015}
2026-07-26 04:03:43,597 ERROR notifier: Discord webhook error HTTP 404: {"message": "Unknown Webhook", "code": 10015}
2026-07-26 04:03:43,685 WARNING notifier: Discord rate limited; retrying in 0.30s
2026-07-26 04:03:44,175 ERROR notifier: Discord webhook error HTTP 404: {"message": "Unknown Webhook", "code": 10015}
2026-07-26 04:03:44,257 WARNING notifier: Discord rate limited; retrying in 0.30s
2026-07-26 04:03:44,764 ERROR notifier: Discord webhook error HTTP 404: {"message": "Unknown Webhook", "code": 10015}
2026-07-26 04:03:44,874 ERROR notifier: Discord webhook error HTTP 404: {"message": "Unknown Webhook", "code": 10015}
2026-07-26 04:03:44,952 WARNING notifier: Discord rate limited; retrying in 0.30s
2026-07-26 04:03:45,466 ERROR notifier: Discord webhook error HTTP 404: {"message": "Unknown Webhook", "code": 10015}
2026-07-26 04:03:45,553 WARNING notifier: Discord rate limited; retrying in 0.30s
2026-07-26 04:03:45,765 WARNING checker: zxk: giving up after 5 attempts (HTTP 429)
2026-07-26 04:03:46,077 ERROR notifier: Discord webhook error HTTP 404: {"message": "Unknown Webhook", "code": 10015}
2026-07-26 04:03:46,163 ERROR notifier: Discord webhook error HTTP 404: {"message": "Unknown Webhook", "code": 10015}
2026-07-26 04:03:46,245 WARNING notifier: Discord rate limited; retrying in 0.30s
2026-07-26 04:03:46,732 ERROR notifier: Discord webhook error HTTP 404: {"message": "Unknown Webhook", "code": 10015}
2026-07-26 04:03:46,824 ERROR notifier: Discord webhook error HTTP 404: {"message": "Unknown Webhook", "code": 10015}
2026-07-26 04:03:46,903 WARNING notifier: Discord rate limited; retrying in 0.30s
2026-07-26 04:03:47,387 ERROR notifier: Discord webhook error HTTP 404: {"message": "Unknown Webhook", "code": 10015}
2026-07-26 04:03:47,488 WARNING notifier: Discord rate limited; retrying in 0.30s
2026-07-26 04:03:47,768 WARNING checker: y2e: giving up after 5 attempts (HTTP 429)
2026-07-26 04:03:47,986 ERROR notifier: Discord webhook error HTTP 404: {"message": "Unknown Webhook", "code": 10015}
2026-07-26 04:03:48,068 ERROR notifier: Discord webhook error HTTP 404: {"message": "Unknown Webhook", "code": 10015}
2026-07-26 04:03:48,151 WARNING notifier: Discord rate limited; retrying in 0.30s
2026-07-26 04:03:48,617 INFO main: AVAILABLE: 07o
2026-07-26 04:03:48,652 ERROR notifier: Discord webhook error HTTP 404: {"message": "Unknown Webhook", "code": 10015}
2026-07-26 04:03:48,736 WARNING notifier: Discord rate limited; retrying in 0.30s
2026-07-26 04:03:49,210 ERROR notifier: Discord webhook error HTTP 404: {"message": "Unknown Webhook", "code": 10015}
2026-07-26 04:03:49,294 ERROR notifier: Discord webhook error HTTP 404: {"message": "Unknown Webhook", "code": 10015}
2026-07-26 04:03:49,387 WARNING notifier: Discord rate limited; retrying in 0.30s
2026-07-26 04:03:49,880 ERROR notifier: Discord webhook error HTTP 404: {"message": "Unknown Webhook", "code": 10015}
2026-07-26 04:03:49,969 WARNING notifier: Discord rate limited; retrying in 0.30s
2026-07-26 04:03:50,476 ERROR notifier: Discord webhook error HTTP 404: {"message": "Unknown Webhook", "code": 10015}
2026-07-26 04:03:50,574 ERROR notifier: Discord webhook error HTTP 404: {"message": "Unknown Webhook", "code": 10015}
2026-07-26 04:03:50,660 WARNING notifier: Discord rate limited; retrying in 0.30s
2026-07-26 04:03:51,172 ERROR notifier: Discord webhook error HTTP 404: {"message": "Unknown Webhook", "code": 10015}
2026-07-26 04:03:51,283 ERROR notifier: Discord webhook error HTTP 404: {"message": "Unknown Webhook", "code": 10015}
2026-07-26 04:03:51,365 WARNING notifier: Discord rate limited; retrying in 0.30s
2026-07-26 04:03:51,867 ERROR notifier: Discord webhook error HTTP 404: {"message": "Unknown Webhook", "code": 10015}
2026-07-26 04:03:51,947 WARNING notifier: Discord rate limited; retrying in 0.30s
2026-07-26 04:03:52,424 ERROR notifier: Discord webhook error HTTP 404: {"message": "Unknown Webhook", "code": 10015}
2026-07-26 04:03:52,515 ERROR notifier: Discord webhook error HTTP 404: {"message": "Unknown Webhook", "code": 10015}
2026-07-26 04:03:52,532 INFO main: AVAILABLE: 6wg
2026-07-26 04:03:52,594 WARNING notifier: Discord rate limited; retrying in 0.30s
2026-07-26 04:03:53,082 ERROR notifier: Discord webhook error HTTP 404: {"message": "Unknown Webhook", "code": 10015}
2026-07-26 04:03:53,165 WARNING notifier: Discord rate limited; retrying in 0.30s
2026-07-26 04:03:53,663 ERROR notifier: Discord webhook error HTTP 404: {"message": "Unknown Webhook", "code": 10015}
2026-07-26 04:03:53,758 ERROR notifier: Discord webhook error HTTP 404: {"message": "Unknown Webhook", "code": 10015}
2026-07-26 04:03:53,861 WARNING notifier: Discord rate limited; retrying in 0.30s
2026-07-26 04:03:54,348 ERROR notifier: Discord webhook error HTTP 404: {"message": "Unknown Webhook", "code": 10015}
2026-07-26 04:03:54,427 ERROR notifier: Discord webhook error HTTP 404: {"message": "Unknown Webhook", "code": 10015}
2026-07-26 04:03:54,515 WARNING notifier: Discord rate limited; retrying in 0.30s
2026-07-26 04:03:54,988 ERROR notifier: Discord webhook error HTTP 404: {"message": "Unknown Webhook", "code": 10015}
2026-07-26 04:03:55,076 WARNING notifier: Discord rate limited; retrying in 0.30s
2026-07-26 04:03:55,591 ERROR notifier: Discord webhook error HTTP 404: {"message": "Unknown Webhook", "code": 10015}
2026-07-26 04:03:55,709 ERROR notifier: Discord webhook error HTTP 404: {"message": "Unknown Webhook", "code": 10015}
2026-07-26 04:03:55,800 WARNING notifier: Discord rate limited; retrying in 0.30s
2026-07-26 04:03:56,305 ERROR notifier: Discord webhook error HTTP 404: {"message": "Unknown Webhook", "code": 10015}
2026-07-26 04:03:56,406 ERROR notifier: Discord webhook error HTTP 404: {"message": "Unknown Webhook", "code": 10015}
2026-07-26 04:03:56,494 WARNING notifier: Discord rate limited; retrying in 0.30s
2026-07-26 04:03:56,980 ERROR notifier: Discord webhook error HTTP 404: {"message": "Unknown Webhook", "code": 10015}
2026-07-26 04:03:57,067 WARNING notifier: Discord rate limited; retrying in 0.30s
2026-07-26 04:03:57,667 ERROR notifier: Discord webhook error HTTP 404: {"message": "Unknown Webhook", "code": 10015}
2026-07-26 04:03:57,753 ERROR notifier: Discord webhook error HTTP 404: {"message": "Unknown Webhook", "code": 10015}
2026-07-26 04:03:57,848 WARNING notifier: Discord rate limited; retrying in 0.30s
2026-07-26 04:03:58,347 ERROR notifier: Discord webhook error HTTP 404: {"message": "Unknown Webhook", "code": 10015}
2026-07-26 04:03:58,460 ERROR notifier: Discord webhook error HTTP 404: {"message": "Unknown Webhook", "code": 10015}
2026-07-26 04:03:58,573 WARNING notifier: Discord rate limited; retrying in 0.30s
2026-07-26 04:03:59,105 ERROR notifier: Discord webhook error HTTP 404: {"message": "Unknown Webhook", "code": 10015}
2026-07-26 04:03:59,190 ERROR notifier: Discord webhook error HTTP 404: {"message": "Unknown Webhook", "code": 10015}
2026-07-26 04:03:59,271 WARNING notifier: Discord rate limited; retrying in 0.30s
2026-07-26 04:03:59,778 ERROR notifier: Discord webhook error HTTP 404: {"message": "Unknown Webhook", "code": 10015}
2026-07-26 04:03:59,857 WARNING notifier: Discord rate limited; retrying in 0.30s
2026-07-26 04:04:00,358 ERROR notifier: Discord webhook error HTTP 404: {"message": "Unknown Webhook", "code": 10015}
2026-07-26 04:04:00,448 ERROR notifier: Discord webhook error HTTP 404: {"message": "Unknown Webhook", "code": 10015}
2026-07-26 04:04:00,552 WARNING notifier: Discord rate limited; retrying in 0.30s
2026-07-26 04:04:01,044 ERROR notifier: Discord webhook error HTTP 404: {"message": "Unknown Webhook", "code": 10015}
2026-07-26 04:04:01,136 WARNING notifier: Discord rate limited; retrying in 0.30s
2026-07-26 04:04:01,628 ERROR notifier: Discord webhook error HTTP 404: {"message": "Unknown Webhook", "code": 10015}
2026-07-26 04:04:01,712 ERROR notifier: Discord webhook error HTTP 404: {"message": "Unknown Webhook", "code": 10015}
2026-07-26 04:04:01,806 WARNING notifier: Discord rate limited; retrying in 0.30s
2026-07-26 04:04:02,308 ERROR notifier: Discord webhook error HTTP 404: {"message": "Unknown Webhook", "code": 10015}
2026-07-26 04:04:02,392 ERROR notifier: Discord webhook error HTTP 404: {"message": "Unknown Webhook", "code": 10015}
2026-07-26 04:04:02,490 WARNING notifier: Discord rate limited; retrying in 0.30s
2026-07-26 04:04:02,887 INFO main: AVAILABLE: 58t
2026-07-26 04:04:02,978 ERROR notifier: Discord webhook error HTTP 404: {"message": "Unknown Webhook", "code": 10015}
2026-07-26 04:04:03,078 WARNING notifier: Discord rate limited; retrying in 0.30s
2026-07-26 04:04:03,575 ERROR notifier: Discord webhook error HTTP 404: {"message": "Unknown Webhook", "code": 10015}
2026-07-26 04:04:03,660 ERROR notifier: Discord webhook error HTTP 404: {"message": "Unknown Webhook", "code": 10015}
2026-07-26 04:04:03,755 WARNING notifier: Discord rate limited; retrying in 0.30s
2026-07-26 04:04:04,250 ERROR notifier: Discord webhook error HTTP 404: {"message": "Unknown Webhook", "code": 10015}
2026-07-26 04:04:04,370 WARNING notifier: Discord rate limited; retrying in 0.30s
2026-07-26 04:04:04,872 ERROR notifier: Discord webhook error HTTP 404: {"message": "Unknown Webhook", "code": 10015}
2026-07-26 04:04:04,966 ERROR notifier: Discord webhook error HTTP 404: {"message": "Unknown Webhook", "code": 10015}
2026-07-26 04:04:05,058 WARNING notifier: Discord rate limited; retrying in 0.30s
2026-07-26 04:04:05,548 ERROR notifier: Discord webhook error HTTP 404: {"message": "Unknown Webhook", "code": 10015}
2026-07-26 04:04:05,684 ERROR notifier: Discord webhook error HTTP 404: {"message": "Unknown Webhook", "code": 10015}
2026-07-26 04:04:05,768 WARNING notifier: Discord rate limited; retrying in 0.30s
2026-07-26 04:04:06,235 ERROR notifier: Discord webhook error HTTP 404: {"message": "Unknown Webhook", "code": 10015}
2026-07-26 04:04:06,310 WARNING notifier: Discord rate limited; retrying in 0.30s
2026-07-26 04:04:06,815 ERROR notifier: Discord webhook error HTTP 404: {"message": "Unknown Webhook", "code": 10015}
2026-07-26 04:04:06,917 ERROR notifier: Discord webhook error HTTP 404: {"message": "Unknown Webhook", "code": 10015}
2026-07-26 04:04:07,013 WARNING notifier: Discord rate limited; retrying in 0.30s
2026-07-26 04:04:07,480 ERROR notifier: Discord webhook error HTTP 404: {"message": "Unknown Webhook", "code": 10015}
2026-07-26 04:04:07,564 WARNING notifier: Discord rate limited; retrying in 0.30s
2026-07-26 04:04:07,702 INFO main: AVAILABLE: 79w
2026-07-26 04:04:08,051 ERROR notifier: Discord webhook error HTTP 404: {"message": "Unknown Webhook", "code": 10015}
2026-07-26 04:04:08,143 ERROR notifier: Discord webhook error HTTP 404: {"message": "Unknown Webhook", "code": 10015}
2026-07-26 04:04:08,233 WARNING notifier: Discord rate limited; retrying in 0.30s
2026-07-26 04:04:08,721 ERROR notifier: Discord webhook error HTTP 404: {"message": "Unknown Webhook", "code": 10015}
2026-07-26 04:04:08,810 ERROR notifier: Discord webhook error HTTP 404: {"message": "Unknown Webhook", "code": 10015}
2026-07-26 04:04:08,892 WARNING notifier: Discord rate limited; retrying in 0.30s
2026-07-26 04:04:09,378 ERROR notifier: Discord webhook error HTTP 404: {"message": "Unknown Webhook", "code": 10015}
2026-07-26 04:04:09,470 WARNING notifier: Discord rate limited; retrying in 0.30s
2026-07-26 04:04:09,947 ERROR notifier: Discord webhook error HTTP 404: {"message": "Unknown Webhook", "code": 10015}
2026-07-26 04:04:10,032 ERROR notifier: Discord webhook error HTTP 404: {"message": "Unknown Webhook", "code": 10015}
2026-07-26 04:04:10,061 WARNING notifier: Discord rate limited; retrying in 1.00s
2026-07-26 04:04:10,654 INFO main: AVAILABLE: 5a2
2026-07-26 04:04:11,185 WARNING notifier: Discord rate limited; retrying in 1.00s
2026-07-26 04:04:11,673 INFO main: AVAILABLE: wu7
2026-07-26 04:04:12,309 WARNING notifier: Discord rate limited; retrying in 1.00s
2026-07-26 04:04:13,421 ERROR notifier: Giving up on a Discord batch after retries
2026-07-26 04:04:13,441 WARNING notifier: Discord rate limited; retrying in 1.00s
2026-07-26 04:04:14,572 WARNING notifier: Discord rate limited; retrying in 1.00s
2026-07-26 04:04:15,701 WARNING notifier: Discord rate limited; retrying in 1.00s
2026-07-26 04:04:16,819 ERROR notifier: Giving up on a Discord batch after retries
2026-07-26 04:04:16,838 WARNING notifier: Discord rate limited; retrying in 1.00s
2026-07-26 04:04:17,976 WARNING notifier: Discord rate limited; retrying in 1.00s
2026-07-26 04:04:19,111 WARNING notifier: Discord rate limited; retrying in 1.00s
2026-07-26 04:04:20,218 ERROR notifier: Giving up on a Discord batch after retries
2026-07-26 04:04:20,236 WARNING notifier: Discord rate limited; retrying in 1.00s
2026-07-26 04:04:21,353 WARNING notifier: Discord rate limited; retrying in 1.00s
2026-07-26 04:04:21,660 INFO main: AVAILABLE: y9t
2026-07-26 04:04:22,471 WARNING notifier: Discord rate limited; retrying in 1.00s
2026-07-26 04:04:23,577 ERROR notifier: Giving up on a Discord batch after retries
2026-07-26 04:04:23,596 WARNING notifier: Discord rate limited; retrying in 1.00s
2026-07-26 04:04:24,725 WARNING notifier: Discord rate limited; retrying in 1.00s
2026-07-26 04:04:25,856 WARNING notifier: Discord rate limited; retrying in 1.00s
2026-07-26 04:04:26,956 ERROR notifier: Giving up on a Discord batch after retries
2026-07-26 04:04:26,975 WARNING notifier: Discord rate limited; retrying in 1.00s
2026-07-26 04:04:28,105 WARNING notifier: Discord rate limited; retrying in 1.00s
2026-07-26 04:04:28,316 INFO main: AVAILABLE: p8g
2026-07-26 04:04:29,239 WARNING notifier: Discord rate limited; retrying in 1.00s
2026-07-26 04:04:30,333 ERROR notifier: Giving up on a Discord batch after retries
2026-07-26 04:04:30,352 WARNING notifier: Discord rate limited; retrying in 1.00s
2026-07-26 04:04:31,121 INFO main: AVAILABLE: cw5
2026-07-26 04:04:31,481 WARNING notifier: Discord rate limited; retrying in 1.00s
2026-07-26 04:04:32,607 WARNING notifier: Discord rate limited; retrying in 1.00s
2026-07-26 04:04:33,695 ERROR notifier: Giving up on a Discord batch after retries
2026-07-26 04:04:33,714 WARNING notifier: Discord rate limited; retrying in 1.00s
2026-07-26 04:04:34,830 WARNING notifier: Discord rate limited; retrying in 1.00s
2026-07-26 04:04:35,957 WARNING notifier: Discord rate limited; retrying in 1.00s
2026-07-26 04:04:37,055 ERROR notifier: Giving up on a Discord batch after retries
2026-07-26 04:04:37,086 WARNING notifier: Discord rate limited; retrying in 1.00s
2026-07-26 04:04:37,849 WARNING checker: ql7: giving up after 5 attempts (HTTP 429)
2026-07-26 04:04:38,221 WARNING notifier: Discord rate limited; retrying in 1.00s
2026-07-26 04:04:38,452 WARNING checker: 8fd: giving up after 5 attempts (HTTP 429)
2026-07-26 04:04:38,871 WARNING checker: fm1: giving up after 5 attempts (HTTP 429)
2026-07-26 04:04:39,341 WARNING notifier: Discord rate limited; retrying in 1.00s
2026-07-26 04:04:40,446 ERROR notifier: Giving up on a Discord batch after retries
2026-07-26 04:04:40,466 WARNING notifier: Discord rate limited; retrying in 1.00s
2026-07-26 04:04:41,588 WARNING notifier: Discord rate limited; retrying in 1.00s
2026-07-26 04:04:42,722 WARNING notifier: Discord rate limited; retrying in 1.00s
2026-07-26 04:04:43,835 ERROR notifier: Giving up on a Discord batch after retries
2026-07-26 21:48:35,771 INFO main: Starting run: length=3 charset=alnum wordlist=None threads=3 delay=1.00s
2026-07-26 21:48:35,772 INFO main: Endpoint: https://guns.lol/api/auth/username/{username}/availability (mode=GET_JSON)
2026-07-26 21:48:35,827 INFO main: Preflight OK: guns.lol resolves to 2606:4700::6812:1af3, 2606:4700::6812:1bf3, 104.18.26.243, 104.18.27.243 and port 443 is reachable. Connectivity looks good.
2026-07-26 21:48:35,830 INFO main: Loaded 453 previously-found names from 3lavailable.txt
2026-07-26 21:48:35,830 INFO notifier: Discord notifier started (batch=1, interval=1.0s)
2026-07-26 21:48:35,830 INFO main: Discord notifications enabled.
2026-07-26 21:48:35,832 INFO main: Starting pass #1
2026-07-26 21:48:35,832 INFO generator: Generating 46656 candidate usernames (length=3, charset=alnum, shuffle=True)
2026-07-26 21:48:37,092 INFO main: AVAILABLE: b6z
2026-07-26 21:48:37,232 ERROR notifier: Discord webhook error HTTP 404: {"message": "Unknown Webhook", "code": 10015}
2026-07-26 21:48:37,339 ERROR notifier: Discord webhook error HTTP 404: {"message": "Unknown Webhook", "code": 10015}
2026-07-26 21:48:37,424 ERROR notifier: Discord webhook error HTTP 404: {"message": "Unknown Webhook", "code": 10015}
2026-07-26 21:48:37,535 ERROR notifier: Discord webhook error HTTP 404: {"message": "Unknown Webhook", "code": 10015}
2026-07-26 21:48:37,660 ERROR notifier: Discord webhook error HTTP 404: {"message": "Unknown Webhook", "code": 10015}
2026-07-26 21:48:37,758 ERROR notifier: Discord webhook error HTTP 404: {"message": "Unknown Webhook", "code": 10015}
2026-07-26 21:48:37,854 WARNING notifier: Discord rate limited; retrying in 0.30s
2026-07-26 21:48:38,345 ERROR notifier: Discord webhook error HTTP 404: {"message": "Unknown Webhook", "code": 10015}
2026-07-26 21:48:38,457 ERROR notifier: Discord webhook error HTTP 404: {"message": "Unknown Webhook", "code": 10015}
2026-07-26 21:48:38,548 WARNING notifier: Discord rate limited; retrying in 0.30s
2026-07-26 21:48:39,066 ERROR notifier: Discord webhook error HTTP 404: {"message": "Unknown Webhook", "code": 10015}
2026-07-26 21:48:39,147 WARNING notifier: Discord rate limited; retrying in 0.30s
2026-07-26 21:48:39,558 INFO main: AVAILABLE: gu4
2026-07-26 21:48:39,669 ERROR notifier: Discord webhook error HTTP 404: {"message": "Unknown Webhook", "code": 10015}
2026-07-26 21:48:39,760 ERROR notifier: Discord webhook error HTTP 404: {"message": "Unknown Webhook", "code": 10015}
2026-07-26 21:48:39,837 WARNING notifier: Discord rate limited; retrying in 0.30s
2026-07-26 21:48:40,331 ERROR notifier: Discord webhook error HTTP 404: {"message": "Unknown Webhook", "code": 10015}
2026-07-26 21:48:40,420 WARNING notifier: Discord rate limited; retrying in 0.30s
2026-07-26 21:48:40,925 ERROR notifier: Discord webhook error HTTP 404: {"message": "Unknown Webhook", "code": 10015}
2026-07-26 21:48:41,021 ERROR notifier: Discord webhook error HTTP 404: {"message": "Unknown Webhook", "code": 10015}
2026-07-26 21:48:41,120 WARNING notifier: Discord rate limited; retrying in 0.30s
2026-07-26 21:48:41,674 ERROR notifier: Discord webhook error HTTP 404: {"message": "Unknown Webhook", "code": 10015}
2026-07-26 21:48:41,788 ERROR notifier: Discord webhook error HTTP 404: {"message": "Unknown Webhook", "code": 10015}
2026-07-26 21:48:41,907 WARNING notifier: Discord rate limited; retrying in 0.30s
2026-07-26 21:48:42,406 ERROR notifier: Discord webhook error HTTP 404: {"message": "Unknown Webhook", "code": 10015}
2026-07-26 21:48:42,491 ERROR notifier: Discord webhook error HTTP 404: {"message": "Unknown Webhook", "code": 10015}
2026-07-26 21:48:42,585 WARNING notifier: Discord rate limited; retrying in 0.30s
2026-07-26 21:48:43,084 ERROR notifier: Discord webhook error HTTP 404: {"message": "Unknown Webhook", "code": 10015}
2026-07-26 21:48:43,173 WARNING notifier: Discord rate limited; retrying in 0.30s
2026-07-26 21:48:43,695 ERROR notifier: Discord webhook error HTTP 404: {"message": "Unknown Webhook", "code": 10015}
2026-07-26 21:48:43,798 ERROR notifier: Discord webhook error HTTP 404: {"message": "Unknown Webhook", "code": 10015}
2026-07-26 21:48:43,887 WARNING notifier: Discord rate limited; retrying in 0.30s
2026-07-26 21:48:44,410 ERROR notifier: Discord webhook error HTTP 404: {"message": "Unknown Webhook", "code": 10015}
2026-07-26 21:48:44,500 ERROR notifier: Discord webhook error HTTP 404: {"message": "Unknown Webhook", "code": 10015}
2026-07-26 21:48:44,587 WARNING notifier: Discord rate limited; retrying in 0.30s
2026-07-26 21:48:45,080 ERROR notifier: Discord webhook error HTTP 404: {"message": "Unknown Webhook", "code": 10015}
2026-07-26 21:48:45,178 WARNING notifier: Discord rate limited; retrying in 0.30s
2026-07-26 21:48:45,680 ERROR notifier: Discord webhook error HTTP 404: {"message": "Unknown Webhook", "code": 10015}
2026-07-26 21:48:45,790 ERROR notifier: Discord webhook error HTTP 404: {"message": "Unknown Webhook", "code": 10015}
2026-07-26 21:48:45,888 WARNING notifier: Discord rate limited; retrying in 0.30s
2026-07-26 21:48:46,438 ERROR notifier: Discord webhook error HTTP 404: {"message": "Unknown Webhook", "code": 10015}
2026-07-26 21:48:46,538 ERROR notifier: Discord webhook error HTTP 404: {"message": "Unknown Webhook", "code": 10015}
2026-07-26 21:48:46,618 WARNING notifier: Discord rate limited; retrying in 0.30s
2026-07-26 21:48:47,109 ERROR notifier: Discord webhook error HTTP 404: {"message": "Unknown Webhook", "code": 10015}
2026-07-26 21:48:47,191 WARNING notifier: Discord rate limited; retrying in 0.30s
2026-07-26 21:48:47,695 ERROR notifier: Discord webhook error HTTP 404: {"message": "Unknown Webhook", "code": 10015}
2026-07-26 21:48:47,791 ERROR notifier: Discord webhook error HTTP 404: {"message": "Unknown Webhook", "code": 10015}
2026-07-26 21:48:47,890 WARNING notifier: Discord rate limited; retrying in 0.30s
2026-07-26 21:48:48,366 ERROR notifier: Discord webhook error HTTP 404: {"message": "Unknown Webhook", "code": 10015}
2026-07-26 21:48:48,454 ERROR notifier: Discord webhook error HTTP 404: {"message": "Unknown Webhook", "code": 10015}
2026-07-26 21:48:48,482 INFO main: AVAILABLE: e4v
2026-07-26 21:48:48,538 WARNING notifier: Discord rate limited; retrying in 0.30s
2026-07-26 21:48:49,046 ERROR notifier: Discord webhook error HTTP 404: {"message": "Unknown Webhook", "code": 10015}
2026-07-26 21:48:49,143 WARNING notifier: Discord rate limited; retrying in 0.30s
2026-07-26 21:48:49,629 ERROR notifier: Discord webhook error HTTP 404: {"message": "Unknown Webhook", "code": 10015}
2026-07-26 21:48:49,819 INFO main: AVAILABLE: el5
2026-07-26 21:48:49,819 ERROR notifier: Discord webhook error HTTP 404: {"message": "Unknown Webhook", "code": 10015}
2026-07-26 21:48:49,903 WARNING notifier: Discord rate limited; retrying in 0.30s
2026-07-26 21:48:50,402 ERROR notifier: Discord webhook error HTTP 404: {"message": "Unknown Webhook", "code": 10015}
2026-07-26 21:48:50,496 ERROR notifier: Discord webhook error HTTP 404: {"message": "Unknown Webhook", "code": 10015}
2026-07-26 21:48:50,572 WARNING notifier: Discord rate limited; retrying in 0.30s
2026-07-26 21:48:51,057 ERROR notifier: Discord webhook error HTTP 404: {"message": "Unknown Webhook", "code": 10015}
2026-07-26 21:48:51,140 WARNING notifier: Discord rate limited; retrying in 0.30s
2026-07-26 21:48:51,618 ERROR notifier: Discord webhook error HTTP 404: {"message": "Unknown Webhook", "code": 10015}
2026-07-26 21:48:51,722 ERROR notifier: Discord webhook error HTTP 404: {"message": "Unknown Webhook", "code": 10015}
2026-07-26 21:48:51,819 WARNING notifier: Discord rate limited; retrying in 0.30s
2026-07-26 21:48:52,164 INFO main: AVAILABLE: sc0
2026-07-26 21:48:52,341 ERROR notifier: Discord webhook error HTTP 404: {"message": "Unknown Webhook", "code": 10015}
2026-07-26 21:48:52,422 WARNING notifier: Discord rate limited; retrying in 0.30s
2026-07-26 21:48:52,637 INFO main: AVAILABLE: z52
2026-07-26 21:48:52,962 ERROR notifier: Discord webhook error HTTP 404: {"message": "Unknown Webhook", "code": 10015}
2026-07-26 21:48:53,080 ERROR notifier: Discord webhook error HTTP 404: {"message": "Unknown Webhook", "code": 10015}
2026-07-26 21:48:53,163 WARNING notifier: Discord rate limited; retrying in 0.30s
2026-07-26 21:48:53,664 ERROR notifier: Discord webhook error HTTP 404: {"message": "Unknown Webhook", "code": 10015}
2026-07-26 21:48:53,752 ERROR notifier: Discord webhook error HTTP 404: {"message": "Unknown Webhook", "code": 10015}
2026-07-26 21:48:53,839 WARNING notifier: Discord rate limited; retrying in 0.30s
2026-07-26 21:48:54,330 ERROR notifier: Discord webhook error HTTP 404: {"message": "Unknown Webhook", "code": 10015}
2026-07-26 21:48:54,406 WARNING notifier: Discord rate limited; retrying in 0.30s
2026-07-26 21:48:54,911 ERROR notifier: Discord webhook error HTTP 404: {"message": "Unknown Webhook", "code": 10015}
2026-07-26 21:48:55,006 ERROR notifier: Discord webhook error HTTP 404: {"message": "Unknown Webhook", "code": 10015}
2026-07-26 21:48:55,106 WARNING notifier: Discord rate limited; retrying in 0.30s
2026-07-26 21:48:55,600 ERROR notifier: Discord webhook error HTTP 404: {"message": "Unknown Webhook", "code": 10015}
2026-07-26 21:48:55,684 ERROR notifier: Discord webhook error HTTP 404: {"message": "Unknown Webhook", "code": 10015}
2026-07-26 21:48:55,765 WARNING notifier: Discord rate limited; retrying in 0.30s
2026-07-26 21:48:56,275 ERROR notifier: Discord webhook error HTTP 404: {"message": "Unknown Webhook", "code": 10015}
2026-07-26 21:48:56,359 WARNING notifier: Discord rate limited; retrying in 0.30s
2026-07-26 21:48:56,859 ERROR notifier: Discord webhook error HTTP 404: {"message": "Unknown Webhook", "code": 10015}
2026-07-26 21:48:56,962 ERROR notifier: Discord webhook error HTTP 404: {"message": "Unknown Webhook", "code": 10015}
2026-07-26 21:48:57,056 WARNING notifier: Discord rate limited; retrying in 0.30s
2026-07-26 21:48:57,536 ERROR notifier: Discord webhook error HTTP 404: {"message": "Unknown Webhook", "code": 10015}
2026-07-26 21:48:57,621 WARNING notifier: Discord rate limited; retrying in 0.30s
2026-07-26 21:48:58,102 ERROR notifier: Discord webhook error HTTP 404: {"message": "Unknown Webhook", "code": 10015}
2026-07-26 21:48:58,188 ERROR notifier: Discord webhook error HTTP 404: {"message": "Unknown Webhook", "code": 10015}
2026-07-26 21:48:58,270 WARNING notifier: Discord rate limited; retrying in 0.30s
2026-07-26 21:48:58,759 ERROR notifier: Discord webhook error HTTP 404: {"message": "Unknown Webhook", "code": 10015}
2026-07-26 21:48:58,850 ERROR notifier: Discord webhook error HTTP 404: {"message": "Unknown Webhook", "code": 10015}
2026-07-26 21:48:58,946 WARNING notifier: Discord rate limited; retrying in 0.30s
2026-07-26 21:48:59,164 INFO main: AVAILABLE: ma9
2026-07-26 21:48:59,454 ERROR notifier: Discord webhook error HTTP 404: {"message": "Unknown Webhook", "code": 10015}
2026-07-26 21:48:59,546 WARNING notifier: Discord rate limited; retrying in 0.30s
2026-07-26 21:49:00,040 ERROR notifier: Discord webhook error HTTP 404: {"message": "Unknown Webhook", "code": 10015}
2026-07-26 21:49:00,143 ERROR notifier: Discord webhook error HTTP 404: {"message": "Unknown Webhook", "code": 10015}
2026-07-26 21:49:00,232 WARNING notifier: Discord rate limited; retrying in 0.30s
2026-07-26 21:49:00,573 INFO main: AVAILABLE: e6w
2026-07-26 21:49:00,704 ERROR notifier: Discord webhook error HTTP 404: {"message": "Unknown Webhook", "code": 10015}
2026-07-26 21:49:00,792 WARNING notifier: Discord rate limited; retrying in 0.30s
2026-07-26 21:49:01,294 ERROR notifier: Discord webhook error HTTP 404: {"message": "Unknown Webhook", "code": 10015}
2026-07-26 21:49:01,319 INFO main: AVAILABLE: 1m4
2026-07-26 21:49:01,394 ERROR notifier: Discord webhook error HTTP 404: {"message": "Unknown Webhook", "code": 10015}
2026-07-26 21:49:01,502 WARNING notifier: Discord rate limited; retrying in 0.30s
2026-07-26 21:49:01,986 ERROR notifier: Discord webhook error HTTP 404: {"message": "Unknown Webhook", "code": 10015}
2026-07-26 21:49:02,120 ERROR notifier: Discord webhook error HTTP 404: {"message": "Unknown Webhook", "code": 10015}
2026-07-26 21:49:02,199 WARNING notifier: Discord rate limited; retrying in 0.30s
2026-07-26 21:49:02,693 ERROR notifier: Discord webhook error HTTP 404: {"message": "Unknown Webhook", "code": 10015}
2026-07-26 21:49:02,777 WARNING notifier: Discord rate limited; retrying in 0.30s
2026-07-26 21:49:03,136 INFO main: AVAILABLE: h26
2026-07-26 21:49:03,266 ERROR notifier: Discord webhook error HTTP 404: {"message": "Unknown Webhook", "code": 10015}
2026-07-26 21:49:03,356 ERROR notifier: Discord webhook error HTTP 404: {"message": "Unknown Webhook", "code": 10015}
2026-07-26 21:49:03,437 WARNING notifier: Discord rate limited; retrying in 0.30s
2026-07-26 21:49:04,018 ERROR notifier: Discord webhook error HTTP 404: {"message": "Unknown Webhook", "code": 10015}
2026-07-26 21:49:04,129 ERROR notifier: Discord webhook error HTTP 404: {"message": "Unknown Webhook", "code": 10015}
2026-07-26 21:49:04,212 WARNING notifier: Discord rate limited; retrying in 0.30s
2026-08-17 12:00:01,975 INFO main: Starting run: length=3 charset=alnum wordlist=None threads=3 delay=1.00s
2026-08-17 12:00:01,978 INFO main: Endpoint: https://guns.lol/api/auth/username/{username}/availability (mode=GET_JSON)
2026-08-17 12:00:02,646 INFO main: Preflight OK: guns.lol resolves to 2606:4700::6812:1af3, 2606:4700::6812:1bf3, 104.18.27.243, 104.18.26.243 and port 443 is reachable. Connectivity looks good.
2026-08-17 12:00:02,654 INFO main: Loaded 463 previously-found names from 3lavailable.txt
2026-08-17 12:00:02,657 INFO notifier: Discord notifier started (batch=1, interval=1.0s)
2026-08-17 12:00:02,657 INFO main: Discord notifications enabled.
2026-08-17 12:00:02,658 INFO main: Starting pass #1
2026-08-17 12:00:02,666 INFO generator: Generating 46656 candidate usernames (length=3, charset=alnum, shuffle=True)
2026-08-17 12:00:09,734 INFO main: AVAILABLE: 3p9
2026-08-17 12:00:10,342 ERROR notifier: Discord webhook error HTTP 404: {"message": "Unknown Webhook", "code": 10015}
2026-08-17 12:00:10,507 ERROR notifier: Discord webhook error HTTP 404: {"message": "Unknown Webhook", "code": 10015}
2026-08-17 12:00:10,684 ERROR notifier: Discord webhook error HTTP 404: {"message": "Unknown Webhook", "code": 10015}
2026-08-17 12:00:11,068 ERROR notifier: Discord webhook error HTTP 404: {"message": "Unknown Webhook", "code": 10015}
2026-08-17 12:00:11,341 INFO main: AVAILABLE: xu9
2026-08-17 12:00:11,426 ERROR notifier: Discord webhook error HTTP 404: {"message": "Unknown Webhook", "code": 10015}
2026-08-17 12:00:11,592 ERROR notifier: Discord webhook error HTTP 404: {"message": "Unknown Webhook", "code": 10015}
2026-08-17 12:00:11,722 ERROR notifier: Discord webhook error HTTP 404: {"message": "Unknown Webhook", "code": 10015}
2026-08-17 12:00:11,894 ERROR notifier: Discord webhook error HTTP 404: {"message": "Unknown Webhook", "code": 10015}
2026-08-17 12:00:12,154 ERROR notifier: Discord webhook error HTTP 404: {"message": "Unknown Webhook", "code": 10015}
2026-08-17 12:00:12,326 ERROR notifier: Discord webhook error HTTP 404: {"message": "Unknown Webhook", "code": 10015}
2026-08-17 12:00:12,498 WARNING notifier: Discord rate limited; retrying in 0.30s
2026-08-17 12:00:12,912 INFO main: AVAILABLE: e3u
2026-08-17 12:00:13,795 ERROR notifier: Discord webhook error HTTP 404: {"message": "Unknown Webhook", "code": 10015}
2026-08-17 12:00:14,403 ERROR notifier: Discord webhook error HTTP 404: {"message": "Unknown Webhook", "code": 10015}
2026-08-17 12:00:14,503 ERROR notifier: Discord webhook error HTTP 404: {"message": "Unknown Webhook", "code": 10015}
2026-08-17 12:00:14,733 ERROR notifier: Discord webhook error HTTP 404: {"message": "Unknown Webhook", "code": 10015}
2026-08-17 12:00:14,854 ERROR notifier: Discord webhook error HTTP 404: {"message": "Unknown Webhook", "code": 10015}
2026-08-17 12:00:14,971 ERROR notifier: Discord webhook error HTTP 404: {"message": "Unknown Webhook", "code": 10015}
2026-08-17 12:00:15,068 INFO main: AVAILABLE: 17p
2026-08-17 12:00:15,098 ERROR notifier: Discord webhook error HTTP 404: {"message": "Unknown Webhook", "code": 10015}
2026-08-17 12:00:15,241 WARNING notifier: Discord rate limited; retrying in 0.30s
2026-08-17 12:00:15,789 ERROR notifier: Discord webhook error HTTP 404: {"message": "Unknown Webhook", "code": 10015}
2026-08-17 12:00:16,918 ERROR notifier: Discord webhook error HTTP 404: {"message": "Unknown Webhook", "code": 10015}
2026-08-17 12:00:17,077 ERROR notifier: Discord webhook error HTTP 404: {"message": "Unknown Webhook", "code": 10015}
2026-08-17 12:00:17,197 ERROR notifier: Discord webhook error HTTP 404: {"message": "Unknown Webhook", "code": 10015}
2026-08-17 12:00:17,325 ERROR notifier: Discord webhook error HTTP 404: {"message": "Unknown Webhook", "code": 10015}
2026-08-17 12:00:17,446 ERROR notifier: Discord webhook error HTTP 404: {"message": "Unknown Webhook", "code": 10015}
2026-08-17 12:00:17,574 WARNING notifier: Discord rate limited; retrying in 0.30s
2026-08-17 12:00:18,126 ERROR notifier: Discord webhook error HTTP 404: {"message": "Unknown Webhook", "code": 10015}
2026-08-17 12:00:18,221 ERROR notifier: Discord webhook error HTTP 404: {"message": "Unknown Webhook", "code": 10015}
2026-08-17 12:00:18,338 WARNING notifier: Discord rate limited; retrying in 0.30s
2026-08-17 12:00:18,871 ERROR notifier: Discord webhook error HTTP 404: {"message": "Unknown Webhook", "code": 10015}
2026-08-17 12:00:19,022 WARNING notifier: Discord rate limited; retrying in 0.30s
2026-08-17 12:00:19,531 ERROR notifier: Discord webhook error HTTP 404: {"message": "Unknown Webhook", "code": 10015}
2026-08-17 12:00:19,652 ERROR notifier: Discord webhook error HTTP 404: {"message": "Unknown Webhook", "code": 10015}
2026-08-17 12:00:19,777 WARNING notifier: Discord rate limited; retrying in 0.30s
2026-08-17 12:00:20,287 ERROR notifier: Discord webhook error HTTP 404: {"message": "Unknown Webhook", "code": 10015}
2026-08-17 12:00:20,392 ERROR notifier: Discord webhook error HTTP 404: {"message": "Unknown Webhook", "code": 10015}
2026-08-17 12:00:20,491 WARNING notifier: Discord rate limited; retrying in 0.30s
2026-08-17 12:00:20,842 INFO main: AVAILABLE: 9w4
2026-08-17 12:00:21,006 ERROR notifier: Discord webhook error HTTP 404: {"message": "Unknown Webhook", "code": 10015}
2026-08-17 12:00:21,114 ERROR notifier: Discord webhook error HTTP 404: {"message": "Unknown Webhook", "code": 10015}
2026-08-17 12:00:21,228 WARNING notifier: Discord rate limited; retrying in 0.30s
2026-08-17 12:00:21,741 ERROR notifier: Discord webhook error HTTP 404: {"message": "Unknown Webhook", "code": 10015}
2026-08-17 12:00:21,925 ERROR notifier: Discord webhook error HTTP 404: {"message": "Unknown Webhook", "code": 10015}
2026-08-17 12:00:22,063 WARNING notifier: Discord rate limited; retrying in 0.30s
2026-08-17 12:00:22,565 ERROR notifier: Discord webhook error HTTP 404: {"message": "Unknown Webhook", "code": 10015}
2026-08-17 12:00:22,703 ERROR notifier: Discord webhook error HTTP 404: {"message": "Unknown Webhook", "code": 10015}
2026-08-17 12:00:22,810 WARNING notifier: Discord rate limited; retrying in 0.30s
2026-08-17 12:00:23,304 ERROR notifier: Discord webhook error HTTP 404: {"message": "Unknown Webhook", "code": 10015}
2026-08-17 12:00:23,435 WARNING notifier: Discord rate limited; retrying in 0.30s
2026-08-17 12:00:24,002 ERROR notifier: Discord webhook error HTTP 404: {"message": "Unknown Webhook", "code": 10015}
2026-08-17 12:00:24,108 ERROR notifier: Discord webhook error HTTP 404: {"message": "Unknown Webhook", "code": 10015}
2026-08-17 12:00:24,259 ERROR notifier: Discord webhook error HTTP 404: {"message": "Unknown Webhook", "code": 10015}
2026-08-17 12:00:24,392 WARNING notifier: Discord rate limited; retrying in 0.30s
2026-08-17 12:00:24,964 ERROR notifier: Discord webhook error HTTP 404: {"message": "Unknown Webhook", "code": 10015}
2026-08-17 12:00:25,065 ERROR notifier: Discord webhook error HTTP 404: {"message": "Unknown Webhook", "code": 10015}
2026-08-17 12:00:25,319 WARNING notifier: Discord rate limited; retrying in 0.30s
2026-08-17 12:00:25,875 ERROR notifier: Discord webhook error HTTP 404: {"message": "Unknown Webhook", "code": 10015}
2026-08-17 12:00:26,074 ERROR notifier: Discord webhook error HTTP 404: {"message": "Unknown Webhook", "code": 10015}
2026-08-17 12:00:26,231 WARNING notifier: Discord rate limited; retrying in 0.30s
2026-08-17 12:00:26,444 INFO main: AVAILABLE: bk5
2026-08-17 12:00:26,763 ERROR notifier: Discord webhook error HTTP 404: {"message": "Unknown Webhook", "code": 10015}
2026-08-17 12:00:26,897 ERROR notifier: Discord webhook error HTTP 404: {"message": "Unknown Webhook", "code": 10015}
2026-08-17 12:00:27,124 ERROR notifier: Discord webhook error HTTP 404: {"message": "Unknown Webhook", "code": 10015}
2026-08-17 12:00:27,302 WARNING notifier: Discord rate limited; retrying in 0.30s
2026-08-17 12:00:27,877 ERROR notifier: Discord webhook error HTTP 404: {"message": "Unknown Webhook", "code": 10015}
2026-08-17 12:00:28,016 ERROR notifier: Discord webhook error HTTP 404: {"message": "Unknown Webhook", "code": 10015}
2026-08-17 12:00:28,225 WARNING notifier: Discord rate limited; retrying in 0.30s
2026-08-17 12:00:31,442 ERROR notifier: Discord webhook error HTTP 404: {"message": "Unknown Webhook", "code": 10015}
2026-08-17 12:00:31,684 INFO main: AVAILABLE: fq8
2026-08-17 12:00:35,194 ERROR notifier: Discord webhook error HTTP 404: {"message": "Unknown Webhook", "code": 10015}
2026-08-17 12:00:36,786 INFO main: AVAILABLE: 48u
2026-08-17 12:00:38,701 ERROR notifier: Discord webhook error HTTP 404: {"message": "Unknown Webhook", "code": 10015}
2026-08-17 12:00:38,894 ERROR notifier: Discord webhook error HTTP 404: {"message": "Unknown Webhook", "code": 10015}
2026-08-17 12:00:39,016 ERROR notifier: Discord webhook error HTTP 404: {"message": "Unknown Webhook", "code": 10015}
2026-08-17 12:00:39,166 ERROR notifier: Discord webhook error HTTP 404: {"message": "Unknown Webhook", "code": 10015}
2026-08-17 12:00:39,363 ERROR notifier: Discord webhook error HTTP 404: {"message": "Unknown Webhook", "code": 10015}
2026-08-17 12:00:39,600 ERROR notifier: Discord webhook error HTTP 404: {"message": "Unknown Webhook", "code": 10015}
2026-08-17 12:00:39,954 ERROR notifier: Discord webhook error HTTP 404: {"message": "Unknown Webhook", "code": 10015}
2026-08-17 12:00:40,094 ERROR notifier: Discord webhook error HTTP 404: {"message": "Unknown Webhook", "code": 10015}
2026-08-17 12:00:40,252 INFO main: AVAILABLE: 7l6
2026-08-17 12:00:40,296 WARNING notifier: Discord rate limited; retrying in 0.30s
2026-08-17 12:00:40,833 ERROR notifier: Discord webhook error HTTP 404: {"message": "Unknown Webhook", "code": 10015}
2026-08-17 12:00:41,001 ERROR notifier: Discord webhook error HTTP 404: {"message": "Unknown Webhook", "code": 10015}
2026-08-17 12:00:41,294 ERROR notifier: Discord webhook error HTTP 404: {"message": "Unknown Webhook", "code": 10015}
2026-08-17 12:00:41,554 WARNING notifier: Discord rate limited; retrying in 0.30s
2026-08-17 12:00:42,128 ERROR notifier: Discord webhook error HTTP 404: {"message": "Unknown Webhook", "code": 10015}
2026-08-17 12:00:42,401 ERROR notifier: Discord webhook error HTTP 404: {"message": "Unknown Webhook", "code": 10015}
2026-08-17 12:00:42,741 ERROR notifier: Discord webhook error HTTP 404: {"message": "Unknown Webhook", "code": 10015}
2026-08-17 12:00:42,972 ERROR notifier: Discord webhook error HTTP 404: {"message": "Unknown Webhook", "code": 10015}
2026-08-17 12:00:43,208 WARNING notifier: Discord rate limited; retrying in 0.30s
2026-08-17 12:00:43,405 INFO main: AVAILABLE: g9z
2026-08-17 12:00:43,929 INFO main: AVAILABLE: e04
2026-08-17 12:00:44,101 ERROR notifier: Discord webhook error HTTP 404: {"message": "Unknown Webhook", "code": 10015}
2026-08-17 12:00:44,260 ERROR notifier: Discord webhook error HTTP 404: {"message": "Unknown Webhook", "code": 10015}
2026-08-17 12:00:44,587 ERROR notifier: Discord webhook error HTTP 404: {"message": "Unknown Webhook", "code": 10015}
2026-08-17 12:00:45,240 ERROR notifier: Discord webhook error HTTP 404: {"message": "Unknown Webhook", "code": 10015}
2026-08-17 12:00:45,720 ERROR notifier: Discord webhook error HTTP 404: {"message": "Unknown Webhook", "code": 10015}
2026-08-17 12:00:46,133 ERROR notifier: Discord webhook error HTTP 404: {"message": "Unknown Webhook", "code": 10015}
2026-08-17 12:00:46,443 INFO main: AVAILABLE: 7e2
2026-08-17 12:00:46,490 ERROR notifier: Discord webhook error HTTP 404: {"message": "Unknown Webhook", "code": 10015}
2026-08-17 12:00:46,839 ERROR notifier: Discord webhook error HTTP 404: {"message": "Unknown Webhook", "code": 10015}
2026-08-17 12:00:47,131 ERROR notifier: Discord webhook error HTTP 404: {"message": "Unknown Webhook", "code": 10015}
2026-08-17 12:00:47,326 ERROR notifier: Discord webhook error HTTP 404: {"message": "Unknown Webhook", "code": 10015}
2026-08-17 12:00:47,613 ERROR notifier: Discord webhook error HTTP 404: {"message": "Unknown Webhook", "code": 10015}
2026-08-17 12:00:47,943 ERROR notifier: Discord webhook error HTTP 404: {"message": "Unknown Webhook", "code": 10015}
2026-08-17 12:00:48,114 ERROR notifier: Discord webhook error HTTP 404: {"message": "Unknown Webhook", "code": 10015}
2026-08-17 12:00:48,445 ERROR notifier: Discord webhook error HTTP 404: {"message": "Unknown Webhook", "code": 10015}
2026-08-17 12:00:48,730 WARNING notifier: Discord rate limited; retrying in 0.30s
2026-08-17 12:00:49,365 ERROR notifier: Discord webhook error HTTP 404: {"message": "Unknown Webhook", "code": 10015}
2026-08-17 12:00:49,744 ERROR notifier: Discord webhook error HTTP 404: {"message": "Unknown Webhook", "code": 10015}
2026-08-17 12:00:50,177 ERROR notifier: Discord webhook error HTTP 404: {"message": "Unknown Webhook", "code": 10015}
2026-08-17 12:00:50,503 ERROR notifier: Discord webhook error HTTP 404: {"message": "Unknown Webhook", "code": 10015}
2026-08-17 12:00:50,650 ERROR notifier: Discord webhook error HTTP 404: {"message": "Unknown Webhook", "code": 10015}
2026-08-17 12:00:50,776 ERROR notifier: Discord webhook error HTTP 404: {"message": "Unknown Webhook", "code": 10015}
2026-08-17 12:00:50,945 WARNING notifier: Discord rate limited; retrying in 0.30s
2026-08-17 12:00:51,616 ERROR notifier: Discord webhook error HTTP 404: {"message": "Unknown Webhook", "code": 10015}
2026-08-17 12:00:51,989 ERROR notifier: Discord webhook error HTTP 404: {"message": "Unknown Webhook", "code": 10015}
2026-08-17 12:00:52,078 INFO main: AVAILABLE: i9h
2026-08-17 12:00:52,273 ERROR notifier: Discord webhook error HTTP 404: {"message": "Unknown Webhook", "code": 10015}
2026-08-17 12:00:52,567 INFO main: AVAILABLE: p6z
2026-08-17 12:00:52,645 ERROR notifier: Discord webhook error HTTP 404: {"message": "Unknown Webhook", "code": 10015}
2026-08-17 12:00:52,899 ERROR notifier: Discord webhook error HTTP 404: {"message": "Unknown Webhook", "code": 10015}
2026-08-17 12:00:53,260 WARNING notifier: Discord rate limited; retrying in 0.30s
2026-08-17 12:00:53,985 ERROR notifier: Discord webhook error HTTP 404: {"message": "Unknown Webhook", "code": 10015}
2026-08-17 12:00:54,304 ERROR notifier: Discord webhook error HTTP 404: {"message": "Unknown Webhook", "code": 10015}
2026-08-17 12:00:54,588 ERROR notifier: Discord webhook error HTTP 404: {"message": "Unknown Webhook", "code": 10015}
2026-08-17 12:00:55,217 ERROR notifier: Discord webhook error HTTP 404: {"message": "Unknown Webhook", "code": 10015}
2026-08-17 12:00:55,996 ERROR notifier: Discord webhook error HTTP 404: {"message": "Unknown Webhook", "code": 10015}
2026-08-17 12:00:56,262 ERROR notifier: Discord webhook error HTTP 404: {"message": "Unknown Webhook", "code": 10015}
2026-08-17 12:00:56,845 ERROR notifier: Discord webhook error HTTP 404: {"message": "Unknown Webhook", "code": 10015}
2026-08-17 12:00:58,095 ERROR notifier: Discord webhook error HTTP 404: {"message": "Unknown Webhook", "code": 10015}
2026-08-17 12:00:58,306 ERROR notifier: Discord webhook error HTTP 404: {"message": "Unknown Webhook", "code": 10015}
2026-08-17 12:00:58,783 ERROR notifier: Discord webhook error HTTP 404: {"message": "Unknown Webhook", "code": 10015}
2026-08-17 12:01:00,048 ERROR notifier: Discord webhook error HTTP 404: {"message": "Unknown Webhook", "code": 10015}
2026-08-17 12:01:00,102 INFO main: AVAILABLE: 5hx
2026-08-17 12:01:00,815 ERROR notifier: Discord webhook error HTTP 404: {"message": "Unknown Webhook", "code": 10015}
2026-08-17 12:01:01,222 ERROR notifier: Discord webhook error HTTP 404: {"message": "Unknown Webhook", "code": 10015}
2026-08-17 12:01:01,746 ERROR notifier: Discord webhook error HTTP 404: {"message": "Unknown Webhook", "code": 10015}
2026-08-17 12:01:02,214 ERROR notifier: Discord webhook error HTTP 404: {"message": "Unknown Webhook", "code": 10015}
2026-08-17 12:01:02,546 ERROR notifier: Discord webhook error HTTP 404: {"message": "Unknown Webhook", "code": 10015}
2026-08-17 12:01:02,827 ERROR notifier: Discord webhook error HTTP 404: {"message": "Unknown Webhook", "code": 10015}
2026-08-17 12:01:03,124 ERROR notifier: Discord webhook error HTTP 404: {"message": "Unknown Webhook", "code": 10015}
2026-08-17 12:01:03,671 ERROR notifier: Discord webhook error HTTP 404: {"message": "Unknown Webhook", "code": 10015}
2026-08-17 12:01:05,473 ERROR notifier: Discord webhook error HTTP 404: {"message": "Unknown Webhook", "code": 10015}
2026-08-17 12:01:06,591 ERROR notifier: Discord webhook error HTTP 404: {"message": "Unknown Webhook", "code": 10015}
2026-08-17 12:01:07,193 ERROR notifier: Discord webhook error HTTP 404: {"message": "Unknown Webhook", "code": 10015}
2026-08-17 12:01:07,595 ERROR notifier: Discord webhook error HTTP 404: {"message": "Unknown Webhook", "code": 10015}
2026-08-17 12:01:07,878 ERROR notifier: Discord webhook error HTTP 404: {"message": "Unknown Webhook", "code": 10015}
2026-08-17 12:01:08,142 ERROR notifier: Discord webhook error HTTP 404: {"message": "Unknown Webhook", "code": 10015}
2026-08-17 12:01:08,474 ERROR notifier: Discord webhook error HTTP 404: {"message": "Unknown Webhook", "code": 10015}
2026-08-17 12:01:08,797 ERROR notifier: Discord webhook error HTTP 404: {"message": "Unknown Webhook", "code": 10015}
2026-08-17 12:01:09,229 ERROR notifier: Discord webhook error HTTP 404: {"message": "Unknown Webhook", "code": 10015}
2026-08-17 12:01:09,690 ERROR notifier: Discord webhook error HTTP 404: {"message": "Unknown Webhook", "code": 10015}
2026-08-17 12:01:10,256 ERROR notifier: Discord webhook error HTTP 404: {"message": "Unknown Webhook", "code": 10015}
2026-08-17 12:01:10,833 ERROR notifier: Discord webhook error HTTP 404: {"message": "Unknown Webhook", "code": 10015}
2026-08-17 12:01:12,214 ERROR notifier: Discord webhook error HTTP 404: {"message": "Unknown Webhook", "code": 10015}
2026-08-17 12:01:13,430 INFO main: AVAILABLE: om6
2026-08-17 12:01:14,164 ERROR notifier: Discord webhook error HTTP 404: {"message": "Unknown Webhook", "code": 10015}
2026-08-17 12:01:14,883 ERROR notifier: Discord webhook error HTTP 404: {"message": "Unknown Webhook", "code": 10015}
2026-08-17 12:01:15,014 ERROR notifier: Discord webhook error HTTP 404: {"message": "Unknown Webhook", "code": 10015}
2026-08-17 12:01:15,214 ERROR notifier: Discord webhook error HTTP 404: {"message": "Unknown Webhook", "code": 10015}
2026-08-17 12:01:15,416 ERROR notifier: Discord webhook error HTTP 404: {"message": "Unknown Webhook", "code": 10015}
2026-08-17 12:01:15,570 ERROR notifier: Discord webhook error HTTP 404: {"message": "Unknown Webhook", "code": 10015}
2026-08-17 12:01:15,788 ERROR notifier: Discord webhook error HTTP 404: {"message": "Unknown Webhook", "code": 10015}
2026-08-17 12:01:16,082 ERROR notifier: Discord webhook error HTTP 404: {"message": "Unknown Webhook", "code": 10015}
2026-08-17 12:01:16,636 INFO main: AVAILABLE: b76
2026-08-17 12:01:16,643 ERROR notifier: Discord webhook error HTTP 404: {"message": "Unknown Webhook", "code": 10015}
2026-08-17 12:01:17,025 ERROR notifier: Discord webhook error HTTP 404: {"message": "Unknown Webhook", "code": 10015}
2026-08-17 12:01:17,348 ERROR notifier: Discord webhook error HTTP 404: {"message": "Unknown Webhook", "code": 10015}
2026-08-17 12:01:17,595 ERROR notifier: Discord webhook error HTTP 404: {"message": "Unknown Webhook", "code": 10015}
2026-08-17 12:01:18,235 INFO main: AVAILABLE: y8a
2026-08-17 12:01:18,236 ERROR notifier: Discord webhook error HTTP 404: {"message": "Unknown Webhook", "code": 10015}
2026-08-17 12:01:19,645 WARNING notifier: Discord POST failed (ServerDisconnectedError); attempt 1/3
2026-08-17 12:01:24,319 WARNING main: Interrupted by user. Partial results saved to 3lavailable.txt
